frame,action,room,x,y,lives,level,items,orb_count_or_score_lo,dx,dy,r0,r1,r2,r3,r4,r5,r6,r7,r8,r9,r10,r11,r12,r13,r14,r15,r16,r17,r18,r19,r20,r21,r22,r23,r24,r25,r26,r27,r28,r29,r30,r31,r32,r33,r34,r35,r36,r37,r38,r39,r40,r41,r42,r43,r44,r45,r46,r47,r48,r49,r50,r51,r52,r53,r54,r55,r56,r57,r58,r59,r60,r61,r62,r63,r64,r65,r66,r67,r68,r69,r70,r71,r72,r73,r74,r75,r76,r77,r78,r79,r80,r81,r82,r83,r84,r85,r86,r87,r88,r89,r90,r91,r92,r93,r94,r95,r96,r97,r98,r99,r100,r101,r102,r103,r104,r105,r106,r107,r108,r109,r110,r111,r112,r113,r114,r115,r116,r117,r118,r119,r120,r121,r122,r123,r124,r125,r126,r127
0,12,1,77,235,5,0,0,210,,,68,0,4,1,0,243,124,117,253,117,253,117,253,117,253,117,253,117,253,0,0,0,46,253,129,210,124,209,124,209,0,208,21,208,100,209,107,209,4,211,152,253,77,235,14,254,240,57,0,4,4,0,76,6,0,0,255,0,5,255,0,0,8,0,0,0,15,31,51,31,17,21,25,1,17,12,33,145,23,3,0,182,146,0,0,0,19,2,0,1,19,0,0,0,0,0,0,185,210,0,0,0,191,0,255,255,0,49,13,0,2,28,12,0,0,0,0,0,0,0,0,0,0,0,46,218,139,219
1,13,1,76,238,5,0,0,210,-1,3,69,0,4,1,0,90,133,117,253,117,253,117,253,117,253,117,253,117,253,0,0,0,46,253,129,210,124,209,124,209,165,208,21,208,100,209,107,209,4,211,152,253,76,238,14,254,240,57,0,4,4,0,76,6,0,0,255,0,5,255,0,0,8,0,0,0,15,31,51,31,17,21,25,1,17,12,33,145,23,3,0,182,146,0,0,0,18,2,0,77,19,0,0,0,0,0,0,185,210,0,0,0,223,64,255,255,0,50,13,0,1,28,12,0,0,0,0,0,0,0,0,0,0,0,46,218,139,219
2,1,1,75,241,5,0,0,210,-1,3,70,0,4,1,0,34,143,117,253,117,253,117,253,117,253,117,253,117,253,0,0,0,46,253,129,210,124,209,124,209,165,208,21,208,100,209,107,209,4,211,152,253,75,241,14,254,240,57,0,4,4,0,76,6,0,0,255,0,5,255,0,0,8,0,0,0,15,31,51,31,17,21,25,1,17,12,33,145,23,3,0,182,146,0,0,0,17,2,0,76,19,0,0,0,0,0,0,185,210,0,0,0,255,64,255,255,0,51,13,0,0,28,12,0,0,0,0,0,0,0,0,0,0,0,46,218,139,219
3,8,1,74,244,5,0,0,210,-1,3,71,0,4,1,0,42,145,117,253,117,253,117,253,117,253,117,253,117,253,0,0,0,46,253,129,210,124,209,124,209,165,208,21,208,100,209,107,209,4,211,152,253,74,244,14,254,240,57,0,4,4,0,76,6,0,0,255,0,5,255,0,0,8,0,0,0,15,31,51,31,17,21,25,1,17,12,33,145,23,3,0,182,146,0,0,0,16,2,0,75,19,0,0,0,0,0,0,185,210,0,0,0,95,64,255,255,0,52,14,0,3,28,12,0,0,0,0,0,0,0,0,0,0,0,46,218,139,219
4,16,1,73,246,5,0,0,210,-1,2,72,0,4,1,0,50,179,117,253,117,253,117,253,117,253,117,253,117,253,0,0,0,46,253,116,210,124,209,124,209,165,208,21,208,101,209,108,209,3,211,93,253,73,246,14,254,240,56,0,4,4,0,76,6,0,0,255,0,5,255,0,0,9,0,0,0,15,31,51,31,17,21,25,1,17,12,33,145,23,3,0,182,146,0,0,0,15,2,0,74,19,0,0,0,0,0,0,185,210,0,0,0,95,64,255,255,0,53,14,0,2,28,12,0,0,0,0,0,0,0,0,0,0,0,46,218,139,219
5,15,1,72,248,5,0,0,210,-1,2,73,0,4,1,0,26,213,117,253,117,253,117,253,117,253,117,253,117,253,0,0,0,46,253,116,210,124,209,124,209,165,208,21,208,101,209,108,209,3,211,93,253,72,248,14,254,240,56,0,4,4,0,76,6,0,0,255,0,5,255,0,0,9,0,0,0,15,31,51,31,17,21,25,1,17,12,33,145,23,3,0,182,146,0,0,0,14,2,0,73,19,0,0,0,0,0,0,185,210,0,0,0,175,64,255,255,0,54,14,0,1,28,12,0,0,0,0,0,0,0,0,0,0,0,46,218,139,219
6,12,1,71,250,5,0,0,210,-1,2,74,0,4,1,0,226,127,117,253,117,253,117,253,117,253,117,253,117,253,0,0,0,46,253,116,210,124,209,124,209,165,208,21,208,101,209,108,209,3,211,93,253,71,250,14,254,240,56,0,4,4,0,76,6,0,0,255,0,5,255,0,0,9,0,0,0,15,31,51,31,17,21,25,1,17,12,33,145,23,3,0,182,146,0,0,0,13,2,0,72,19,0,0,0,0,0,0,185,210,0,0,0,191,64,255,255,0,55,14,0,0,28,12,0,0,0,0,0,0,0,0,0,0,0,46,218,139,219
7,9,1,70,251,5,0,0,210,-1,1,75,0,4,1,0,101,128,117,253,117,253,117,253,117,253,117,253,117,253,0,0,0,46,253,116,210,124,209,124,209,165,208,21,208,101,209,108,209,3,211,93,253,70,251,14,254,240,56,0,4,4,0,76,6,0,0,255,0,5,255,0,0,9,0,0,0,15,31,51,31,17,21,25,1,17,12,33,145,23,3,0,182,146,0,0,0,12,2,0,71,19,0,0,0,0,0,0,185,210,0,0,0,159,64,255,255,0,56,15,0,2,28,12,0,0,0,0,0,0,0,0,0,0,0,46,218,139,219
8,15,1,69,252,5,0,0,210,-1,1,76,0,4,1,0,235,128,117,253,117,253,117,253,117,253,117,253,117,253,0,0,0,46,253,116,210,124,209,124,209,165,208,21,208,101,209,108,209,3,211,93,253,69,252,14,254,240,55,0,4,4,0,76,6,0,0,255,0,5,255,0,0,9,0,0,0,15,31,51,31,17,21,25,1,17,12,33,145,23,3,0,182,146,0,0,0,11,2,0,70,19,0,0,0,0,0,0,185,210,0,0,0,175,64,255,255,0,57,15,0,1,28,12,0,0,0,0,0,0,0,0,0,0,0,46,218,139,219
9,11,1,68,252,5,0,0,210,-1,0,77,0,4,1,0,113,129,117,253,117,253,117,253,117,253,117,253,117,253,0,0,0,46,253,116,210,124,209,124,209,165,208,21,208,101,209,108,209,3,211,93,253,68,252,14,254,240,55,0,4,4,0,76,6,0,0,255,0,5,255,0,0,9,0,0,0,15,31,51,31,17,21,25,1,17,12,33,145,23,3,0,182,146,0,0,0,10,2,0,69,19,0,0,0,0,0,0,185,210,0,0,0,127,64,255,255,0,57,15,0,0,0,12,0,0,0,0,0,0,0,0,0,0,0,46,218,139,219
10,6,1,67,252,5,0,0,210,-1,0,78,0,4,1,0,215,131,117,253,117,253,117,253,117,253,117,253,117,253,0,0,0,46,253,116,210,124,209,124,209,165,208,21,208,101,209,108,209,3,211,93,253,67,252,14,254,240,55,0,4,4,0,76,6,0,0,255,0,5,255,0,0,9,0,0,0,15,31,51,31,17,21,25,1,17,12,33,145,23,3,0,182,146,0,0,0,9,2,0,68,19,0,0,0,0,0,0,185,210,0,0,0,111,64,255,255,0,57,16,0,3,0,12,0,0,0,0,0,0,0,0,0,0,0,46,218,139,219
11,16,1,66,252,5,0,0,210,-1,0,79,0,4,1,0,165,132,117,253,117,253,117,253,117,253,117,253,117,253,0,0,0,46,253,116,210,124,209,124,209,165,208,21,208,101,209,108,209,3,211,93,253,66,252,14,254,240,55,0,4,4,0,76,6,0,0,255,0,5,255,0,0,9,0,0,0,15,31,51,31,17,21,25,1,17,12,33,145,23,3,0,182,146,0,0,0,8,2,0,67,19,0,0,0,0,0,0,185,210,0,0,0,95,64,255,255,0,57,16,0,2,0,12,0,0,0,0,0,0,0,0,0,0,0,46,218,139,219
12,4,1,65,252,5,0,0,210,-1,0,80,0,4,1,0,171,141,117,253,117,253,117,253,117,253,117,253,117,253,0,0,0,46,253,104,210,124,209,124,209,165,208,21,208,100,209,107,209,2,211,152,253,65,252,14,254,240,54,0,4,4,0,76,6,0,0,255,0,5,255,0,0,10,0,0,0,15,31,51,31,17,21,25,1,17,12,33,145,23,3,0,182,146,0,0,0,7,2,0,66,19,0,0,0,0,0,0,185,210,0,0,0,191,64,255,255,0,57,16,0,1,0,12,0,0,0,0,0,0,0,0,0,0,0,46,218,139,219
13,9,1,64,251,5,0,0,210,-1,-1,81,0,4,1,0,177,150,117,253,117,253,117,253,117,253,117,253,117,253,0,0,0,46,253,104,210,124,209,124,209,165,208,21,208,100,209,107,209,2,211,152,253,64,251,14,254,240,54,0,4,4,0,76,6,0,0,255,0,5,255,0,0,10,0,0,0,15,31,51,31,17,21,25,1,17,12,33,145,23,3,0,182,146,0,0,0,6,2,0,65,19,0,0,0,0,0,0,185,210,0,0,0,159,64,255,255,0,57,16,0,0,0,12,0,0,0,0,0,0,0,0,0,0,0,46,218,139,219
14,4,1,63,250,5,0,0,210,-1,-1,82,0,4,1,0,151,187,117,253,117,253,117,253,117,253,117,253,117,253,0,0,0,46,253,104,210,124,209,124,209,165,208,21,208,100,209,107,209,2,211,152,253,63,250,14,254,240,54,0,4,4,0,76,6,0,0,255,0,5,255,0,0,10,0,0,0,15,31,51,31,17,21,25,1,17,12,33,145,23,3,0,182,146,0,0,0,5,2,0,64,19,0,0,0,0,0,0,185,210,0,0,0,191,64,255,255,0,57,17,0,2,0,12,0,0,0,0,0,0,0,0,0,0,0,46,218,139,219
15,3,1,62,248,5,0,0,210,-1,-2,83,0,4,1,0,101,204,117,253,117,253,117,253,117,253,117,253,117,253,0,0,0,46,253,104,210,124,209,124,209,165,208,21,208,100,209,107,209,2,211,152,253,62,248,14,254,240,54,0,4,4,0,76,6,0,0,255,0,5,255,0,0,10,0,0,0,15,31,51,31,17,21,25,1,17,12,33,145,23,3,0,182,146,0,0,0,4,2,0,63,19,0,0,0,0,0,0,185,210,0,0,0,127,64,255,255,0,57,17,0,1,0,12,0,0,0,0,0,0,0,0,0,0,0,46,218,139,219
16,8,1,61,246,5,0,0,210,-1,-2,84,0,4,1,0,235,84,117,253,117,253,117,253,117,253,117,253,117,253,0,0,0,46,253,104,210,124,209,124,209,165,208,21,208,100,209,107,209,2,211,152,253,61,246,14,254,240,53,0,4,4,0,76,6,0,0,255,0,5,255,0,0,10,0,0,0,15,31,51,31,17,21,25,1,17,12,33,145,23,3,0,182,146,0,0,0,3,2,0,62,19,0,0,0,0,0,0,185,210,0,0,0,95,64,255,255,0,57,17,0,0,0,12,0,0,0,0,0,0,0,0,0,0,0,46,218,139,219
17,17,1,60,244,5,0,0,210,-1,-2,85,0,4,1,0,114,253,117,253,117,253,117,253,117,253,117,253,117,253,0,0,0,46,253,104,210,124,209,124,209,165,208,21,208,100,209,107,209,2,211,152,253,60,244,14,254,240,53,0,4,4,0,76,6,0,0,255,0,5,255,0,0,10,0,0,0,15,31,51,31,17,21,25,1,17,12,33,145,23,3,0,182,146,0,0,0,2,2,0,61,19,0,0,0,0,0,0,185,210,0,0,0,159,64,255,255,0,57,18,0,3,0,12,0,0,0,0,0,0,0,0,0,0,0,46,218,139,219
18,4,1,59,241,5,0,0,210,-1,-3,86,0,4,1,0,218,7,117,253,117,253,117,253,117,253,117,253,117,253,0,0,0,46,253,104,210,124,209,124,209,165,208,21,208,100,209,107,209,2,211,152,253,59,241,14,254,240,53,0,4,4,0,76,6,0,0,255,0,5,255,0,0,10,0,0,0,15,31,51,31,17,21,25,1,17,12,33,145,23,3,0,182,146,0,0,0,1,2,0,60,19,0,0,0,0,0,0,185,210,0,0,0,191,64,255,255,0,57,18,0,2,0,12,0,0,0,0,0,0,0,0,0,0,0,46,218,139,219
19,9,1,58,238,5,0,0,210,-1,-3,87,0,4,1,0,173,8,117,253,117,253,117,253,117,253,117,253,117,253,0,0,0,46,253,104,210,124,209,124,209,165,208,21,208,100,209,107,209,2,211,152,253,58,238,14,254,240,53,0,4,4,0,76,6,0,0,255,0,5,255,0,0,10,0,0,0,15,31,51,31,17,21,25,1,17,12,33,145,23,3,0,182,146,0,0,0,0,2,0,59,19,0,0,0,0,0,0,185,210,0,0,0,159,64,255,255,0,57,18,0,1,0,12,0,0,0,0,0,0,0,0,0,0,0,46,218,139,219
20,3,1,58,235,5,0,0,210,0,-3,88,0,7,1,0,179,25,117,253,117,253,117,253,117,253,117,253,117,253,0,0,0,46,253,92,210,124,209,124,209,165,208,21,208,101,209,108,209,1,211,93,253,58,235,14,254,240,52,0,4,4,0,76,8,0,0,255,0,5,255,0,0,11,0,0,0,15,31,51,31,17,21,25,1,17,12,33,145,23,3,0,182,146,0,0,0,255,2,0,1,19,10,0,0,0,0,0,185,210,0,0,0,127,64,255,255,0,57,18,0,0,0,12,0,0,0,0,0,0,0,0,0,0,0,46,218,139,219
21,2,1,58,233,5,0,0,210,0,-2,89,0,7,1,0,153,42,117,253,117,253,117,253,117,253,117,253,117,253,0,0,0,46,253,92,210,124,209,124,209,0,208,21,208,101,209,108,209,1,211,93,253,58,233,14,254,240,52,0,4,4,0,76,6,0,0,255,0,5,255,0,0,11,0,0,0,15,31,51,31,17,21,25,1,17,12,33,145,23,3,0,182,146,0,0,0,255,2,1,0,19,0,0,0,0,0,0,185,210,0,0,0,239,64,255,255,0,57,19,0,2,0,12,0,0,0,0,0,0,0,0,0,0,0,46,218,124,182
22,10,1,57,231,5,0,0,210,-1,-2,90,0,7,1,0,111,127,117,253,117,253,117,253,117,253,117,253,117,253,0,0,0,46,253,92,210,124,209,124,209,165,208,21,208,101,209,108,209,1,211,93,253,57,231,14,254,240,52,0,4,4,0,76,6,0,0,255,0,5,255,0,0,11,0,0,0,15,31,51,31,17,21,25,1,17,12,33,145,23,3,0,182,146,0,0,0,255,2,2,0,19,0,0,0,0,0,0,185,210,0,0,0,239,64,255,255,0,57,19,0,1,0,12,0,0,0,0,0,0,0,0,0,0,0,46,218,124,182
23,15,1,57,229,5,0,0,210,0,-2,91,0,7,1,0,205,129,117,253,117,253,117,253,117,253,117,253,117,253,0,0,0,46,253,92,210,124,209,124,209,165,208,21,208,101,209,108,209,1,211,93,253,57,229,14,254,240,52,0,4,4,0,76,6,0,0,255,0,5,255,0,0,11,0,0,0,15,31,51,31,17,21,25,1,17,12,33,145,23,3,0,182,146,0,0,0,255,2,3,0,19,0,0,0,0,0,0,185,210,0,0,0,175,64,255,255,0,57,19,0,0,0,12,0,0,0,0,0,0,0,0,0,0,0,46,218,124,182
24,17,1,56,227,5,0,0,210,-1,-2,92,0,7,1,0,146,130,117,253,117,253,117,253,117,253,117,253,117,253,0,0,0,46,253,92,210,124,209,124,209,165,208,21,208,101,209,108,209,1,211,93,253,56,227,14,254,240,51,0,4,4,0,76,6,0,0,255,0,5,255,0,0,11,0,0,0,15,31,51,31,17,21,25,1,17,12,33,145,23,3,0,182,146,0,0,0,255,2,4,0,19,0,0,0,0,0,0,185,210,0,0,0,159,64,255,255,0,57,20,0,12,0,12,0,0,0,0,0,0,0,0,0,0,0,46,218,124,182
25,3,1,56,225,5,0,0,210,0,-2,93,0,7,1,0,123,135,117,253,117,253,117,253,117,253,117,253,117,253,0,0,0,46,253,92,210,124,209,124,209,165,208,21,208,101,209,108,209,1,211,93,253,56,225,14,254,240,51,0,4,4,0,76,6,0,0,255,0,5,255,0,0,11,0,0,0,15,31,51,31,17,21,25,1,17,12,33,145,23,3,0,182,146,0,0,0,255,2,5,0,19,0,0,0,0,0,0,185,210,0,0,0,127,64,255,255,0,57,20,0,11,0,12,0,0,0,0,0,0,0,0,0,0,0,46,218,124,182
26,11,1,55,223,5,0,0,210,-1,-2,94,0,7,1,0,192,137,117,253,117,253,117,253,117,253,117,253,117,253,0,0,0,46,253,92,210,124,209,124,209,165,208,21,208,101,209,108,209,1,211,93,253,55,223,14,254,240,51,0,4,4,0,76,6,0,0,255,0,5,255,0,0,11,0,0,0,15,31,51,31,17,21,25,1,17,12,33,145,23,3,0,182,146,0,0,0,255,2,6,0,19,0,0,0,0,0,0,185,210,0,0,0,127,64,255,255,0,57,20,0,10,0,12,0,0,0,0,0,0,0,0,0,0,0,46,218,124,182
27,13,1,55,221,5,0,0,210,0,-2,95,0,7,1,0,133,154,117,253,117,253,117,253,117,253,117,253,117,253,0,0,0,46,253,92,210,124,209,124,209,165,208,21,208,101,209,108,209,1,211,93,253,55,221,14,254,240,51,0,4,4,0,76,6,0,0,255,0,5,255,0,0,11,0,0,0,15,31,51,31,17,21,25,1,17,12,33,145,23,3,0,182,146,0,0,0,255,2,7,0,19,0,0,0,0,0,0,185,210,0,0,0,223,64,255,255,0,57,20,0,9,0,12,0,0,0,0,0,0,0,0,0,0,0,46,218,124,182
28,10,1,54,219,5,0,0,210,-1,-2,96,0,7,1,0,74,175,117,253,117,253,117,253,117,253,117,253,117,253,0,0,0,46,253,80,210,124,209,124,209,165,208,21,208,100,209,107,209,4,211,152,253,54,219,14,254,240,50,0,4,4,0,76,6,0,0,255,0,5,255,0,0,12,0,0,0,15,31,51,31,17,21,25,1,17,12,33,145,23,3,0,182,146,0,0,0,255,2,8,0,19,0,0,0,0,0,0,185,210,0,0,0,239,64,255,255,0,57,20,0,8,0,12,0,0,0,0,0,0,0,0,0,0,0,46,218,124,182
29,6,1,54,217,5,0,0,210,0,-2,97,0,7,1,0,19,241,117,253,117,253,117,253,117,253,117,253,117,253,0,0,0,46,253,80,210,124,209,124,209,165,208,21,208,100,209,107,209,4,211,152,253,54,217,14,254,240,50,0,4,4,0,76,6,0,0,255,0,5,255,0,0,12,0,0,0,15,31,51,31,17,21,25,1,17,12,33,145,23,3,0,182,146,0,0,0,255,2,9,0,19,0,0,0,0,0,0,185,210,0,0,0,111,64,255,255,0,57,20,0,7,0,12,0,0,0,0,0,0,0,0,0,0,0,46,218,124,182
30,17,1,53,215,5,0,0,210,-1,-2,98,0,7,1,0,248,19,117,253,117,253,117,253,117,253,117,253,117,253,0,0,0,46,253,80,210,124,209,124,209,165,208,21,208,100,209,107,209,4,211,152,253,53,215,14,254,240,50,0,4,4,0,76,6,0,0,255,0,5,255,0,0,12,0,0,0,15,31,51,31,17,21,25,1,17,12,33,145,23,3,0,182,146,0,0,0,255,2,10,0,19,0,0,0,0,0,0,185,210,0,0,0,159,64,255,255,0,57,20,0,6,0,12,0,0,0,0,0,0,0,0,0,0,0,46,218,124,182
31,15,1,53,213,5,0,0,210,0,-2,99,0,7,1,0,76,52,117,253,117,253,117,253,117,253,117,253,117,253,0,0,0,46,253,80,210,124,209,124,209,165,208,21,208,100,209,107,209,4,211,152,253,53,213,14,254,240,50,0,4,4,0,76,6,0,0,255,0,5,255,0,0,12,0,0,0,15,31,51,31,17,21,25,1,17,12,33,145,23,3,0,182,146,0,0,0,255,2,11,0,19,0,0,0,0,0,0,185,210,0,0,0,175,64,255,255,0,57,20,0,5,0,12,0,0,0,0,0,0,0,0,0,0,0,46,218,124,182
32,14,1,52,211,5,0,0,210,-1,-2,100,0,7,1,0,16,92,117,253,117,253,117,253,117,253,117,253,117,253,0,0,0,46,253,80,210,124,209,124,209,165,208,21,208,100,209,107,209,4,211,152,253,52,211,14,254,240,49,0,4,4,0,76,6,0,0,255,0,5,255,0,0,12,0,0,0,15,31,51,31,17,21,25,1,17,12,33,145,23,3,0,182,146,0,0,0,255,2,12,0,19,0,0,0,0,0,0,185,210,0,0,0,111,64,255,255,0,57,20,0,4,0,12,0,0,0,0,0,0,0,0,0,0,0,46,218,124,182
33,16,1,52,209,5,0,0,210,0,-2,101,0,7,1,0,244,228,117,253,117,253,117,253,117,253,117,253,117,253,0,0,0,46,253,80,210,124,209,124,209,165,208,21,208,100,209,107,209,4,211,152,253,52,209,14,254,240,49,0,4,4,0,76,6,0,0,255,0,5,255,0,0,12,0,0,0,15,31,51,31,17,21,25,1,17,12,33,145,23,3,0,182,146,0,0,0,255,2,13,0,19,0,0,0,0,0,0,185,210,0,0,0,95,64,255,255,0,57,20,0,3,0,12,0,0,0,0,0,0,0,0,0,0,0,46,218,124,182
34,8,1,51,207,5,0,0,210,-1,-2,102,0,7,1,0,89,45,117,253,117,253,117,253,117,253,117,253,117,253,0,0,0,46,253,80,210,124,209,124,209,165,208,21,208,100,209,107,209,4,211,152,253,51,207,14,254,240,49,0,4,4,0,76,6,0,0,255,0,5,255,0,0,12,0,0,0,15,31,51,31,17,21,25,1,17,12,33,145,23,3,0,182,146,0,0,0,255,2,14,0,19,0,0,0,0,0,0,185,210,0,0,0,95,64,255,255,0,57,20,0,2,0,12,0,0,0,0,0,0,0,0,0,0,0,46,218,124,182
35,1,1,51,205,5,0,0,210,0,-2,103,0,7,1,0,47,119,117,253,117,253,117,253,117,253,117,253,117,253,0,0,0,46,253,80,210,124,209,124,209,165,208,21,208,100,209,107,209,4,211,152,253,51,205,14,254,240,49,0,4,4,0,76,6,0,0,255,0,5,255,0,0,12,0,0,0,15,31,51,31,17,21,25,1,17,12,33,145,23,3,0,182,146,0,0,0,255,2,15,0,19,0,0,0,0,0,0,185,210,0,0,0,255,64,255,255,0,57,20,0,1,0,12,0,0,0,0,0,0,0,0,0,0,0,46,218,124,182
36,17,1,50,203,5,0,0,210,-1,-2,104,0,7,1,0,13,153,117,253,117,253,117,253,117,253,117,253,117,253,0,0,0,46,253,68,210,124,209,124,209,165,208,21,208,101,209,108,209,3,211,93,253,50,203,14,254,240,48,0,4,4,0,76,6,0,0,255,0,5,255,0,0,13,0,0,0,15,31,51,31,17,21,25,1,17,12,33,145,23,3,0,182,146,0,0,0,255,2,16,0,19,0,0,0,0,0,0,185,210,0,0,0,159,64,255,255,0,57,20,0,0,0,12,0,0,0,0,0,0,0,0,0,0,0,46,218,124,182
37,0,1,50,201,5,0,0,210,0,-2,105,0,7,1,0,210,171,117,253,117,253,117,253,117,253,117,253,117,253,0,0,0,46,253,68,210,124,209,124,209,165,208,21,208,101,209,108,209,3,211,93,253,50,201,14,254,240,48,0,4,4,0,76,6,0,0,255,0,5,255,0,0,13,0,0,0,15,31,51,31,17,21,25,1,17,12,33,145,23,3,0,182,146,0,0,0,255,2,17,0,19,0,0,0,0,0,0,185,210,0,0,0,255,64,255,255,0,57,21,0,2,0,12,0,0,0,0,0,0,0,0,0,0,0,46,218,124,182
38,2,1,49,199,5,0,0,210,-1,-2,106,0,7,1,0,187,252,117,253,117,253,117,253,117,253,117,253,117,253,0,0,0,46,253,68,210,124,209,124,209,165,208,21,208,101,209,108,209,3,211,93,253,49,199,14,254,240,48,0,4,4,0,76,6,0,0,255,0,5,255,0,0,13,0,0,0,15,31,51,31,17,21,25,1,17,12,33,145,23,3,0,182,146,0,0,0,255,2,18,0,19,0,0,0,0,0,0,185,210,0,0,0,239,64,255,255,0,57,21,0,1,0,12,0,0,0,0,0,0,0,0,0,0,0,46,218,124,182
39,12,1,49,197,5,0,0,210,0,-2,107,0,7,1,0,128,5,117,253,117,253,117,253,117,253,117,253,117,253,0,0,0,46,253,68,210,124,209,124,209,165,208,21,208,101,209,108,209,3,211,93,253,49,197,14,254,240,48,0,4,4,0,76,6,0,0,255,0,5,255,0,0,13,0,0,0,15,31,51,31,17,21,25,1,17,12,33,145,23,3,0,182,146,0,0,0,255,2,19,0,19,0,0,0,0,0,0,185,210,0,0,0,191,64,255,255,0,57,21,0,0,0,12,0,0,0,0,0,0,0,0,0,0,0,46,218,124,182
40,0,1,48,195,5,0,0,210,-1,-2,108,0,7,1,0,68,14,117,253,117,253,117,253,117,253,117,253,117,253,0,0,0,46,253,68,210,124,209,124,209,165,208,21,208,101,209,108,209,3,211,93,253,48,195,14,254,240,47,0,4,4,0,76,6,0,0,255,0,5,255,0,0,13,0,0,0,15,31,51,31,17,21,25,1,17,12,33,145,23,3,0,182,146,0,0,0,255,2,20,0,19,0,0,0,0,0,0,185,210,0,0,0,255,64,255,255,0,57,21,0,0,0,0,0,0,0,0,0,0,0,0,0,0,0,46,218,124,182
41,15,1,48,193,5,0,0,210,0,-2,109,0,7,1,0,8,18,117,253,117,253,117,253,117,253,117,253,117,253,0,0,0,46,253,68,210,124,209,124,209,165,208,21,208,101,209,108,209,3,211,93,253,48,193,14,254,240,47,0,4,4,0,76,6,0,0,255,0,5,255,0,0,13,0,0,0,15,31,51,31,17,21,25,1,17,12,33,145,23,3,0,182,146,0,0,0,255,2,21,0,19,0,0,0,0,0,0,185,210,0,0,0,175,64,255,255,0,57,21,0,0,0,0,0,0,0,0,0,0,0,0,0,0,0,46,218,124,182
42,10,1,47,191,5,0,0,210,-1,-2,110,0,7,1,0,220,54,117,253,117,253,117,253,117,253,117,253,117,253,0,0,0,46,253,68,210,124,209,124,209,165,208,21,208,101,209,108,209,3,211,93,253,47,191,14,254,240,47,0,4,4,0,76,6,0,0,255,0,5,255,0,0,13,0,0,0,15,31,51,31,17,21,25,1,17,12,33,145,23,3,0,182,146,0,0,0,255,2,22,0,19,0,0,0,0,0,0,185,210,0,0,0,239,64,255,255,0,57,21,0,0,0,0,0,0,0,0,0,0,0,0,0,0,0,46,218,124,182
43,7,1,47,189,5,0,0,210,0,-2,111,0,7,1,0,160,91,117,253,117,253,117,253,117,253,117,253,117,253,0,0,0,46,253,68,210,124,209,124,209,165,208,21,208,101,209,108,209,3,211,93,253,47,189,14,254,240,47,0,4,4,0,76,6,0,0,255,0,5,255,0,0,13,0,0,0,15,31,51,31,17,21,25,1,17,12,33,145,23,3,0,182,146,0,0,0,255,2,23,0,19,0,0,0,0,0,0,185,210,0,0,0,175,64,255,255,0,57,21,0,0,0,0,0,0,0,0,0,0,0,0,0,0,0,46,218,124,182
44,10,1,46,187,5,0,0,210,-1,-2,112,0,7,1,0,164,236,117,253,117,253,117,253,117,253,117,253,117,253,0,0,0,46,253,56,210,124,209,124,209,165,208,21,208,100,209,107,209,2,211,152,253,46,187,14,254,240,46,0,4,4,0,76,6,0,0,255,0,5,255,0,0,14,0,0,0,15,31,51,31,17,21,25,1,17,12,33,145,23,3,0,182,146,0,0,0,255,2,24,0,19,0,0,0,0,0,0,185,210,0,0,0,239,64,255,255,0,57,21,0,0,0,0,0,0,0,0,0,0,0,0,0,0,0,46,218,124,182
45,2,1,46,185,5,0,0,210,0,-2,113,0,7,1,0,169,53,117,253,117,253,117,253,117,253,117,253,117,253,0,0,0,46,253,56,210,124,209,124,209,165,208,21,208,100,209,107,209,2,211,152,253,46,185,14,254,240,46,0,4,4,0,76,6,0,0,255,0,5,255,0,0,14,0,0,0,15,31,51,31,17,21,25,1,17,12,33,145,23,3,0,182,146,0,0,0,255,2,25,0,19,0,0,0,0,0,0,185,210,0,0,0,239,64,255,255,0,57,21,0,0,0,0,0,0,0,0,0,0,0,0,0,0,0,46,218,124,182
46,6,1,45,183,5,0,0,210,-1,-2,114,0,7,1,0,191,94,117,253,117,253,117,253,117,253,117,253,117,253,0,0,0,46,253,56,210,124,209,124,209,165,208,21,208,100,209,107,209,2,211,152,253,45,183,14,254,240,46,0,4,4,0,76,6,0,0,255,0,5,255,0,0,14,0,0,0,15,31,51,31,17,21,25,1,17,12,33,145,23,3,0,182,146,0,0,0,255,2,26,0,19,0,0,0,0,0,0,185,210,0,0,0,111,64,255,255,0,57,21,0,0,0,0,0,0,0,0,0,0,0,0,0,0,0,46,218,124,182
47,7,1,45,181,5,0,0,210,0,-2,115,0,7,1,0,253,227,117,253,117,253,117,253,117,253,117,253,117,253,0,0,0,46,253,56,210,124,209,124,209,165,208,21,208,100,209,107,209,2,211,152,253,45,181,14,254,240,46,0,4,4,0,76,6,0,0,255,0,5,255,0,0,14,0,0,0,15,31,51,31,17,21,25,1,17,12,33,145,23,3,0,182,146,0,0,0,255,2,27,0,19,0,0,0,0,0,0,185,210,0,0,0,175,64,255,255,0,57,21,0,0,0,0,0,0,0,0,0,0,0,0,0,0,0,46,218,124,182
48,7,1,44,179,5,0,0,210,-1,-2,116,0,7,1,0,66,36,117,253,117,253,117,253,117,253,117,253,117,253,0,0,0,46,253,56,210,124,209,124,209,165,208,21,208,100,209,107,209,2,211,152,253,44,179,14,254,240,45,0,4,4,0,76,6,0,0,255,0,5,255,0,0,14,0,0,0,15,31,51,31,17,21,25,1,17,12,33,145,23,3,0,182,146,0,0,0,255,2,28,0,19,0,0,0,0,0,0,185,210,0,0,0,175,64,255,255,0,57,21,0,0,0,0,0,0,0,0,0,0,0,0,0,0,0,46,218,124,182
49,4,1,44,177,5,0,0,210,0,-2,117,0,7,1,0,10,108,117,253,117,253,117,253,117,253,117,253,117,253,0,0,0,46,253,56,210,124,209,124,209,165,208,21,208,100,209,107,209,2,211,152,253,44,177,14,254,240,45,0,4,4,0,76,6,0,0,255,0,5,255,0,0,14,0,0,0,15,31,51,31,17,21,25,1,17,12,33,145,23,3,0,182,146,0,0,0,255,2,29,0,19,0,0,0,0,0,0,185,210,0,0,0,191,64,255,255,0,57,21,0,0,0,0,0,0,0,0,0,0,0,0,0,0,0,46,218,124,182
50,17,1,43,175,5,0,0,210,-1,-2,118,0,7,1,0,210,180,117,253,117,253,117,253,117,253,117,253,117,253,0,0,0,46,253,56,210,124,209,124,209,165,208,21,208,100,209,107,209,2,211,152,253,43,175,14,254,240,45,0,4,4,0,76,6,0,0,255,0,5,255,0,0,14,0,0,0,15,31,51,31,17,21,25,1,17,12,33,145,23,3,0,182,146,0,0,0,255,2,30,0,19,0,56,250,0,0,0,185,210,0,0,0,159,64,255,255,0,57,21,0,0,0,0,0,0,0,0,0,0,0,0,0,0,0,46,218,124,182
51,14,1,43,173,5,0,0,210,0,-2,119,0,7,1,0,187,221,117,253,117,253,117,253,117,253,117,253,117,253,0,0,0,46,253,56,210,124,209,124,209,165,208,21,208,100,209,107,209,2,211,152,253,43,173,14,254,240,45,0,4,4,0,76,6,0,0,255,0,5,255,0,0,14,0,0,0,15,31,51,31,17,21,25,1,17,12,33,145,23,3,0,182,146,0,0,0,255,2,31,0,19,0,55,250,0,0,0,185,210,0,0,0,111,64,255,255,0,57,21,0,0,0,0,0,0,0,0,0,0,0,0,0,0,0,46,218,124,182
52,2,1,42,171,5,0,0,210,-1,-2,120,0,7,1,0,128,102,117,253,117,253,117,253,117,253,117,253,117,253,0,0,0,46,253,40,210,124,209,124,209,165,208,21,208,101,209,108,209,1,211,93,253,42,171,14,254,240,44,0,4,4,0,76,6,0,0,255,0,5,255,0,0,15,0,0,0,15,31,51,31,17,21,25,1,17,12,33,145,23,3,0,182,146,0,0,0,255,2,32,0,19,0,126,70,0,0,0,185,210,0,0,0,239,64,255,255,0,57,21,0,0,0,0,0,0,0,0,0,0,0,0,0,0,0,46,218,124,182
53,2,1,42,169,5,0,0,210,0,-2,121,0,7,1,0,68,171,117,253,117,253,117,253,117,253,117,253,117,253,0,0,0,46,253,40,210,124,209,124,209,165,208,21,208,101,209,108,209,1,211,93,253,42,169,14,254,240,44,0,4,4,0,76,6,0,0,255,0,5,255,0,0,15,0,0,0,15,31,51,31,17,21,25,1,17,12,33,145,23,3,0,182,146,0,0,0,255,2,33,0,19,0,60,70,0,0,0,185,210,0,0,0,239,64,255,255,0,57,21,0,0,0,0,0,0,0,0,0,0,0,0,0,0,0,46,218,124,182
54,10,1,41,167,5,0,0,210,-1,-2,122,0,7,1,0,9,253,117,253,117,253,117,253,117,253,117,253,117,253,0,0,0,46,253,40,210,124,209,124,209,165,208,21,208,101,209,108,209,1,211,93,253,41,167,14,254,240,44,0,4,4,0,76,6,0,0,255,0,5,255,0,0,15,0,0,0,15,31,51,31,17,21,25,1,17,12,33,145,23,3,0,182,146,0,0,0,255,2,34,0,19,0,254,70,0,0,0,185,210,0,0,0,239,64,255,255,0,57,21,0,0,0,0,0,0,0,0,0,0,0,0,0,0,0,46,218,124,182
55,16,1,41,165,5,0,0,210,0,-2,123,0,7,1,0,222,7,117,253,117,253,117,253,117,253,117,253,117,253,0,0,0,46,253,40,210,124,209,124,209,165,208,21,208,101,209,108,209,1,211,93,253,41,165,14,254,240,44,0,4,4,0,76,6,0,0,255,0,5,255,0,0,15,0,0,0,15,31,51,31,17,21,25,1,17,12,33,145,23,3,0,182,146,0,0,0,255,2,35,0,19,0,124,70,0,0,0,185,210,0,0,0,95,64,255,255,0,57,21,0,0,0,0,0,0,0,0,0,0,0,0,0,0,0,46,218,124,182
56,15,1,40,163,5,0,0,210,-1,-2,124,0,7,1,0,94,8,117,253,117,253,117,253,117,253,117,253,117,253,0,0,0,46,253,40,210,124,209,124,209,165,208,21,208,101,209,108,209,1,211,93,253,40,163,14,254,240,43,0,4,4,0,76,6,0,0,255,0,5,255,0,0,15,0,0,0,15,31,51,31,17,21,25,1,17,12,33,145,23,3,0,182,146,0,0,0,255,2,36,0,19,0,60,74,0,0,0,185,210,0,0,0,175,64,255,255,0,57,21,0,0,0,0,0,0,0,0,0,0,0,0,0,0,0,46,218,124,182
57,3,1,40,161,5,0,0,210,0,-2,125,0,7,1,0,222,24,117,253,117,253,117,253,117,253,117,253,117,253,0,0,0,46,253,40,210,124,209,124,209,165,208,21,208,101,209,108,209,1,211,93,253,40,161,14,254,240,43,0,4,4,0,76,6,0,0,255,0,5,255,0,0,15,0,0,0,15,31,51,31,17,21,25,1,17,12,33,145,23,3,0,182,146,0,0,0,255,2,37,0,19,0,255,70,0,0,0,185,210,0,0,0,127,64,255,255,0,57,21,0,0,0,0,0,0,0,0,0,0,0,0,0,0,0,46,218,124,182
58,9,1,39,159,5,0,0,210,-1,-2,126,0,7,1,0,94,41,117,253,117,253,117,253,117,253,117,253,117,253,0,0,0,46,253,40,210,124,209,124,209,165,208,21,208,101,209,108,209,1,211,93,253,39,159,14,254,240,43,0,4,4,0,76,6,0,0,255,0,5,255,0,0,15,0,0,0,15,31,51,31,17,21,25,1,17,12,33,145,23,3,0,182,146,0,0,0,255,2,38,0,19,0,56,70,0,0,0,185,210,0,0,0,159,64,255,255,0,57,21,0,0,0,0,0,0,0,0,0,0,0,0,0,0,0,46,218,124,182
59,17,1,39,157,5,0,0,210,0,-2,127,0,7,1,0,222,123,117,253,117,253,117,253,117,253,117,253,117,253,0,0,0,46,253,40,210,124,209,124,209,165,208,21,208,101,209,108,209,1,211,93,253,39,157,14,254,240,43,0,4,4,0,76,6,0,0,255,0,5,255,0,0,15,0,0,0,15,31,51,31,17,21,25,1,17,12,33,145,23,3,0,182,146,0,0,0,255,2,39,0,19,0,56,250,0,0,0,185,210,0,0,0,159,64,255,255,0,57,21,0,0,0,0,0,0,0,0,0,0,0,0,0,0,0,46,218,124,182
60,9,1,38,155,5,0,0,210,-1,-2,128,0,7,1,0,94,140,117,253,117,253,117,253,117,253,117,253,117,253,0,0,0,46,253,23,210,124,209,124,209,165,208,21,208,232,209,117,253,4,211,152,253,38,155,14,254,240,42,0,4,4,0,76,6,0,0,255,0,5,255,0,8,0,0,0,0,15,31,51,31,17,21,25,1,17,12,33,145,23,3,0,182,146,36,0,0,255,2,40,0,19,0,0,2,0,0,0,185,210,0,0,0,159,64,255,255,0,57,21,0,0,0,0,0,0,0,0,0,0,0,0,0,0,0,46,218,124,182
61,3,1,38,153,5,0,0,210,0,-2,129,0,7,1,0,223,148,117,253,117,253,117,253,117,253,117,253,117,253,0,0,0,46,253,23,210,124,209,124,209,165,208,21,208,232,209,117,253,4,211,152,253,38,153,14,254,240,42,0,4,4,0,76,6,0,0,255,0,5,255,0,8,0,0,0,0,15,31,51,31,17,21,25,1,17,12,33,145,23,3,0,182,146,35,0,0,255,2,41,0,19,0,0,26,0,0,0,185,210,0,0,0,127,64,255,255,0,57,21,0,0,0,0,0,0,0,0,0,0,0,0,0,0,0,46,218,124,182
62,17,1,37,151,5,0,0,210,-1,-2,130,0,7,1,0,92,189,117,253,117,253,117,253,117,253,117,253,117,253,0,0,0,46,253,23,210,124,209,124,209,165,208,21,208,232,209,117,253,4,211,152,253,37,151,14,254,240,42,0,4,4,0,76,6,0,0,255,0,5,255,0,8,0,0,0,0,15,31,51,31,17,21,25,1,17,12,33,145,23,3,0,182,146,34,0,0,255,2,42,0,19,0,0,60,0,0,0,185,210,0,0,0,159,64,255,255,0,57,21,0,0,0,0,0,0,0,0,0,0,0,0,0,0,0,46,218,124,182
63,10,1,37,148,4,0,0,210,0,-3,131,0,6,1,0,33,199,117,253,117,253,117,253,117,253,117,253,117,253,0,0,0,46,253,23,210,124,209,124,209,165,208,21,208,232,209,117,253,4,211,152,253,37,148,14,254,240,42,0,4,4,0,76,22,0,12,255,0,4,255,0,8,0,0,0,0,15,31,51,31,17,21,25,1,17,12,33,145,23,3,0,182,146,33,0,0,255,2,0,0,19,0,0,112,0,0,0,185,210,0,2,0,239,64,255,255,0,86,90,0,0,241,15,0,0,0,0,0,0,0,0,0,0,0,46,218,116,182
64,17,1,37,148,4,0,0,210,0,0,132,0,6,1,0,39,73,117,253,117,253,117,253,117,253,117,253,117,253,0,0,0,46,253,23,210,124,209,124,209,201,208,216,208,232,209,117,253,4,211,152,253,37,148,14,254,240,42,0,4,4,0,76,22,6,11,255,0,4,255,0,8,0,0,0,0,15,31,51,31,17,21,25,1,17,12,33,145,23,3,0,182,146,32,0,0,255,2,0,0,19,12,0,60,0,0,0,185,210,0,2,0,159,64,255,255,0,87,91,0,0,241,15,0,0,0,0,0,0,0,0,0,0,0,46,218,102,183
65,6,1,37,148,4,0,0,210,0,0,133,0,6,1,0,54,219,117,253,117,253,117,253,117,253,117,253,117,253,0,0,0,46,253,23,210,124,209,124,209,201,208,216,208,232,209,117,253,4,211,152,253,37,148,14,254,240,42,0,4,4,0,76,22,6,11,255,0,4,255,0,8,0,0,0,0,15,31,51,31,17,21,25,1,17,12,33,145,23,3,0,182,146,31,0,0,255,2,0,0,13,12,0,255,0,0,0,185,210,0,2,0,111,64,255,255,0,88,92,0,1,241,15,0,0,0,0,0,0,0,0,0,0,0,46,218,102,183
66,17,1,37,148,4,0,0,210,0,0,134,0,6,1,0,6,109,117,253,117,253,117,253,117,253,117,253,117,253,0,0,0,46,253,23,210,124,209,124,209,201,208,216,208,232,209,117,253,4,211,152,253,37,148,14,254,240,42,0,4,4,0,76,22,6,11,255,0,4,255,0,8,0,0,0,0,15,31,51,31,17,21,25,1,17,12,33,145,23,3,0,182,146,30,0,0,255,2,0,0,13,12,0,255,0,0,0,185,210,0,2,0,159,64,255,255,0,88,92,0,0,0,15,0,0,0,0,0,0,0,0,0,0,0,46,218,102,183
67,9,1,37,148,4,0,0,210,0,0,135,0,6,1,0,201,183,117,253,117,253,117,253,117,253,117,253,117,253,0,0,0,46,253,23,210,124,209,124,209,201,208,216,208,232,209,117,253,4,211,152,253,37,148,14,254,240,42,0,4,4,0,76,22,6,11,255,0,4,255,0,8,0,0,0,0,15,31,51,31,17,21,25,1,17,12,33,145,23,3,0,182,146,29,0,0,255,2,0,0,13,12,0,255,0,0,0,185,210,0,2,0,159,64,255,255,0,88,92,0,0,0,0,0,0,0,0,0,0,0,0,0,0,0,46,218,102,183
68,14,1,37,148,4,0,0,210,0,0,136,0,6,1,0,159,216,117,253,117,253,117,253,117,253,117,253,117,253,0,0,0,46,253,23,210,124,209,124,209,186,208,216,208,232,209,117,253,3,211,93,253,37,148,14,254,240,42,0,4,4,0,76,22,6,10,255,0,4,255,0,8,0,0,0,0,15,31,51,31,17,21,25,1,17,12,33,145,23,3,0,182,146,28,0,0,255,2,0,0,13,12,0,255,0,0,0,185,210,0,2,0,111,64,255,255,0,88,92,0,0,0,0,0,0,0,0,0,0,0,0,0,0,0,46,218,102,183
69,2,1,37,148,4,0,0,210,0,0,137,0,6,1,0,157,105,117,253,117,253,117,253,117,253,117,253,117,253,0,0,0,46,253,23,210,124,209,124,209,186,208,216,208,232,209,117,253,3,211,93,253,37,148,14,254,240,42,0,4,4,0,76,22,6,10,255,0,4,255,0,8,0,0,0,0,15,31,51,31,17,21,25,1,17,12,33,145,23,3,0,182,146,27,0,0,255,2,0,0,13,12,0,255,0,0,0,185,210,0,2,0,239,64,255,255,0,88,92,0,0,0,0,0,0,0,0,0,0,0,0,0,0,0,46,218,102,183
70,12,1,37,148,4,0,0,210,0,0,138,0,6,1,0,96,186,117,253,117,253,117,253,117,253,117,253,117,253,0,0,0,46,253,23,210,124,209,124,209,186,208,216,208,232,209,117,253,3,211,93,253,37,148,14,254,240,42,0,4,4,0,76,22,6,10,255,0,4,255,0,8,0,0,0,0,15,31,51,31,17,21,25,1,17,12,33,145,23,3,0,182,146,26,0,0,255,2,0,0,13,12,0,255,0,0,0,185,210,0,2,0,191,64,255,255,0,88,92,0,0,0,0,0,0,0,0,0,0,0,0,0,0,0,46,218,102,183
71,10,1,37,148,4,0,0,210,0,0,139,0,6,1,0,228,206,117,253,117,253,117,253,117,253,117,253,117,253,0,0,0,46,253,23,210,124,209,124,209,186,208,216,208,232,209,117,253,3,211,93,253,37,148,14,254,240,42,0,4,4,0,76,22,6,10,255,0,4,255,0,8,0,0,0,0,15,31,51,31,17,21,25,1,17,12,33,145,23,3,0,182,146,25,0,0,255,2,0,0,13,12,0,255,0,0,0,185,210,0,2,0,239,64,255,255,0,88,92,0,0,0,0,0,0,0,0,0,0,0,0,0,0,0,46,218,102,183
72,7,1,37,148,4,0,0,210,0,0,140,0,6,1,0,104,83,117,253,117,253,117,253,117,253,117,253,117,253,0,0,0,46,253,23,210,124,209,124,209,201,208,216,208,232,209,117,253,3,211,93,253,37,148,14,254,240,42,0,4,4,0,76,22,6,9,255,0,4,255,0,8,0,0,0,0,15,31,51,31,17,21,25,1,17,12,33,145,23,3,0,182,146,24,0,0,255,2,0,0,13,12,0,255,0,0,0,185,210,0,2,0,175,64,255,255,0,88,92,0,0,0,0,0,0,0,0,0,0,0,0,0,0,0,46,218,102,183
73,9,1,37,148,4,0,0,210,0,0,141,0,6,1,0,251,245,117,253,117,253,117,253,117,253,117,253,117,253,0,0,0,46,253,23,210,124,209,124,209,201,208,216,208,232,209,117,253,3,211,93,253,37,148,14,254,240,42,0,4,4,0,76,22,6,9,255,0,4,255,0,8,0,0,0,0,15,31,51,31,17,21,25,1,17,12,33,145,23,3,0,182,146,23,0,0,255,2,0,0,13,12,0,255,0,0,0,185,210,0,2,0,159,64,255,255,0,88,92,0,0,0,0,0,0,0,0,0,0,0,0,0,0,0,46,218,102,183
74,5,1,37,148,4,0,0,210,0,0,142,0,6,1,0,65,30,117,253,117,253,117,253,117,253,117,253,117,253,0,0,0,46,253,23,210,124,209,124,209,201,208,216,208,232,209,117,253,3,211,93,253,37,148,14,254,240,42,0,4,4,0,76,22,6,9,255,0,4,255,0,8,0,0,0,0,15,31,51,31,17,21,25,1,17,12,33,145,23,3,0,182,146,22,0,0,255,2,0,0,13,12,0,255,0,0,0,185,210,0,2,0,223,64,255,255,0,88,92,0,0,0,0,0,0,0,0,0,0,0,0,0,0,0,46,218,102,183
75,6,1,37,148,4,0,0,210,0,0,143,0,6,1,0,4,34,117,253,117,253,117,253,117,253,117,253,117,253,0,0,0,46,253,23,210,124,209,124,209,201,208,216,208,232,209,117,253,3,211,93,253,37,148,14,254,240,42,0,4,4,0,76,22,6,9,255,0,4,255,0,8,0,0,0,0,15,31,51,31,17,21,25,1,17,12,33,145,23,3,0,182,146,21,0,0,255,2,0,0,13,12,0,255,0,0,0,185,210,0,2,0,111,64,255,255,0,88,92,0,0,0,0,0,0,0,0,0,0,0,0,0,0,0,46,218,102,183
76,5,1,37,148,4,0,0,210,0,0,144,0,6,1,0,207,102,117,253,117,253,117,253,117,253,117,253,117,253,0,0,0,46,253,23,210,124,209,124,209,186,208,216,208,232,209,117,253,2,211,152,253,37,148,14,254,240,42,0,4,4,0,76,22,6,8,255,0,4,255,0,8,0,0,0,0,15,31,51,31,17,21,25,1,17,12,33,145,23,3,0,182,146,20,0,0,255,2,0,0,13,12,0,255,0,0,0,185,210,0,2,0,223,64,255,255,0,88,92,0,0,0,0,0,0,0,0,0,0,0,0,0,0,0,46,218,102,183
77,1,1,37,148,4,0,0,210,0,0,145,0,6,1,0,174,171,117,253,117,253,117,253,117,253,117,253,117,253,0,0,0,46,253,23,210,124,209,124,209,186,208,216,208,232,209,117,253,2,211,152,253,37,148,14,254,240,42,0,4,4,0,76,22,6,8,255,0,4,255,0,8,0,0,0,0,15,31,51,31,17,21,25,1,17,12,33,145,23,3,0,182,146,19,0,0,255,2,0,0,13,12,0,255,0,0,0,185,210,0,2,0,255,64,255,255,0,88,92,0,0,0,0,0,0,0,0,0,0,0,0,0,0,0,46,218,102,183
78,8,1,37,148,4,0,0,210,0,0,146,0,6,1,0,142,252,117,253,117,253,117,253,117,253,117,253,117,253,0,0,0,46,253,23,210,124,209,124,209,186,208,216,208,232,209,117,253,2,211,152,253,37,148,14,254,240,42,0,4,4,0,76,22,6,8,255,0,4,255,0,8,0,0,0,0,15,31,51,31,17,21,25,1,17,12,33,145,23,3,0,182,146,18,0,0,255,2,0,0,13,12,0,255,0,0,0,185,210,0,2,0,95,64,255,255,0,88,92,0,0,0,0,0,0,0,0,0,0,0,0,0,0,0,46,218,102,183
79,15,1,37,148,4,0,0,210,0,0,147,0,6,1,0,110,5,117,253,117,253,117,253,117,253,117,253,117,253,0,0,0,46,253,23,210,124,209,124,209,186,208,216,208,232,209,117,253,2,211,152,253,37,148,14,254,240,42,0,4,4,0,76,22,6,8,255,0,4,255,0,8,0,0,0,0,15,31,51,31,17,21,25,1,17,12,33,145,23,3,0,182,146,17,0,0,255,2,0,0,13,12,0,255,0,0,0,185,210,0,2,0,175,64,255,255,0,88,92,0,0,0,0,0,0,0,0,0,0,0,0,0,0,0,46,218,102,183
80,2,1,37,148,4,0,0,210,0,0,148,0,6,1,0,241,15,117,253,117,253,117,253,117,253,117,253,117,253,0,0,0,46,253,23,210,124,209,124,209,201,208,216,208,232,209,117,253,2,211,152,253,37,148,14,254,240,42,0,4,4,0,76,22,6,7,255,0,4,255,0,8,0,0,0,0,15,31,51,31,17,21,25,1,17,12,33,145,23,3,0,182,146,16,0,0,255,2,0,0,13,12,0,255,0,0,0,185,210,0,2,0,239,64,255,255,0,88,92,0,0,0,0,0,0,0,0,0,0,0,0,0,0,0,46,218,102,183
81,2,1,37,148,4,0,0,210,0,0,149,0,6,1,0,84,16,117,253,117,253,117,253,117,253,117,253,117,253,0,0,0,46,253,23,210,124,209,124,209,201,208,216,208,232,209,117,253,2,211,152,253,37,148,14,254,240,42,0,4,4,0,76,22,6,7,255,0,4,255,0,8,0,0,0,0,15,31,51,31,17,21,25,1,17,12,33,145,23,3,0,182,146,15,0,0,255,2,0,0,13,12,0,255,0,0,0,185,210,0,2,0,239,64,255,255,0,88,92,0,0,0,0,0,0,0,0,0,0,0,0,0,0,0,46,218,102,183
82,4,1,37,148,4,0,0,210,0,0,150,0,6,1,0,63,48,117,253,117,253,117,253,117,253,117,253,117,253,0,0,0,46,253,23,210,124,209,124,209,201,208,216,208,232,209,117,253,2,211,152,253,37,148,14,254,240,42,0,4,4,0,76,22,6,7,255,0,4,255,0,8,0,0,0,0,15,31,51,31,17,21,25,1,17,12,33,145,23,3,0,182,146,14,0,0,255,2,0,0,13,12,0,255,0,0,0,185,210,0,2,0,191,64,255,255,0,88,92,0,0,0,0,0,0,0,0,0,0,0,0,0,0,0,46,218,102,183
83,4,1,37,148,4,0,0,210,0,0,151,0,6,1,0,126,80,117,253,117,253,117,253,117,253,117,253,117,253,0,0,0,46,253,23,210,124,209,124,209,201,208,216,208,232,209,117,253,2,211,152,253,37,148,14,254,240,42,0,4,4,0,76,22,6,7,255,0,4,255,0,8,0,0,0,0,15,31,51,31,17,21,25,1,17,12,33,145,23,3,0,182,146,13,0,0,255,2,0,0,13,12,0,255,0,0,0,185,210,0,2,0,191,64,255,255,0,88,92,0,0,0,0,0,0,0,0,0,0,0,0,0,0,0,46,218,102,183
84,1,1,37,148,4,0,0,210,0,0,152,0,6,1,0,193,240,117,253,117,253,117,253,117,253,117,253,117,253,0,0,0,46,253,23,210,124,209,124,209,186,208,216,208,232,209,117,253,1,211,93,253,37,148,14,254,240,42,0,4,4,0,76,22,6,6,255,0,4,255,0,8,0,0,0,0,15,31,51,31,17,21,25,1,17,12,33,145,23,3,0,182,146,12,0,0,255,2,0,0,13,12,0,255,0,0,0,185,210,0,2,0,255,64,255,255,0,88,92,0,0,0,0,0,0,0,0,0,0,0,0,0,0,0,46,218,102,183
85,2,1,37,148,4,0,0,210,0,0,153,0,6,1,0,135,17,117,253,117,253,117,253,117,253,117,253,117,253,0,0,0,46,253,23,210,124,209,124,209,186,208,216,208,232,209,117,253,1,211,93,253,37,148,14,254,240,42,0,4,4,0,76,22,6,6,255,0,4,255,0,8,0,0,0,0,15,31,51,31,17,21,25,1,17,12,33,145,23,3,0,182,146,11,0,0,255,2,0,0,13,12,0,255,0,0,0,185,210,0,2,0,239,64,255,255,0,88,92,0,0,0,0,0,0,0,0,0,0,0,0,0,0,0,46,218,102,183
86,17,1,37,148,4,0,0,210,0,0,154,0,6,1,0,86,50,117,253,117,253,117,253,117,253,117,253,117,253,0,0,0,46,253,23,210,124,209,124,209,186,208,216,208,232,209,117,253,1,211,93,253,37,148,14,254,240,42,0,4,4,0,76,22,6,6,255,0,4,255,0,8,0,0,0,0,15,31,51,31,17,21,25,1,17,12,33,145,23,3,0,182,146,10,0,0,255,2,0,0,13,12,0,255,0,0,0,185,210,0,2,0,159,64,255,255,0,88,92,0,0,0,0,0,0,0,0,0,0,0,0,0,0,0,46,218,102,183
87,12,1,37,148,4,0,0,210,0,0,155,0,6,1,0,57,86,117,253,117,253,117,253,117,253,117,253,117,253,0,0,0,46,253,23,210,124,209,124,209,186,208,216,208,232,209,117,253,1,211,93,253,37,148,14,254,240,42,0,4,4,0,76,22,6,6,255,0,4,255,0,8,0,0,0,0,15,31,51,31,17,21,25,1,17,12,33,145,23,3,0,182,146,9,0,0,255,2,0,0,13,12,0,255,0,0,0,185,210,0,2,0,191,64,255,255,0,88,92,0,0,0,0,0,0,0,0,0,0,0,0,0,0,0,46,218,102,183
88,16,1,37,148,4,0,0,210,0,0,156,0,6,1,0,12,250,117,253,117,253,117,253,117,253,117,253,117,253,0,0,0,46,253,23,210,124,209,124,209,201,208,216,208,232,209,117,253,1,211,93,253,37,148,14,254,240,42,0,4,4,0,76,22,6,5,255,0,4,255,0,8,0,0,0,0,15,31,51,31,17,21,25,1,17,12,33,145,23,3,0,182,146,8,0,0,255,2,0,0,13,12,0,255,0,0,0,185,210,0,2,0,95,64,255,255,0,88,92,0,0,0,0,0,0,0,0,0,0,0,0,0,0,0,46,218,102,183
89,8,1,37,148,4,0,0,210,0,0,157,0,6,1,0,208,14,117,253,117,253,117,253,117,253,117,253,117,253,0,0,0,46,253,23,210,124,209,124,209,201,208,216,208,232,209,117,253,1,211,93,253,37,148,14,254,240,42,0,4,4,0,76,22,6,5,255,0,4,255,0,8,0,0,0,0,15,31,51,31,17,21,25,1,17,12,33,145,23,3,0,182,146,7,0,0,255,2,0,0,13,12,0,255,0,0,0,185,210,0,2,0,95,64,255,255,0,88,92,0,0,0,0,0,0,0,0,0,0,0,0,0,0,0,46,218,102,183
90,16,1,37,148,4,0,0,210,0,0,158,0,6,1,0,179,19,117,253,117,253,117,253,117,253,117,253,117,253,0,0,0,46,253,23,210,124,209,124,209,201,208,216,208,232,209,117,253,1,211,93,253,37,148,14,254,240,42,0,4,4,0,76,22,6,5,255,0,4,255,0,8,0,0,0,0,15,31,51,31,17,21,25,1,17,12,33,145,23,3,0,182,146,6,0,0,255,2,0,0,13,12,0,255,0,0,0,185,210,0,2,0,95,64,255,255,0,88,92,0,0,0,0,0,0,0,0,0,0,0,0,0,0,0,46,218,102,183
91,7,1,37,148,4,0,0,210,0,0,159,0,6,1,0,154,52,117,253,117,253,117,253,117,253,117,253,117,253,0,0,0,46,253,23,210,124,209,124,209,201,208,216,208,232,209,117,253,1,211,93,253,37,148,14,254,240,42,0,4,4,0,76,22,6,5,255,0,4,255,0,8,0,0,0,0,15,31,51,31,17,21,25,1,17,12,33,145,23,3,0,182,146,5,0,0,255,2,0,0,13,12,0,255,0,0,0,185,210,0,2,0,175,64,255,255,0,88,92,0,0,0,0,0,0,0,0,0,0,0,0,0,0,0,46,218,102,183
92,6,1,37,148,4,0,0,210,0,0,160,0,6,1,0,109,93,117,253,117,253,117,253,117,253,117,253,117,253,0,0,0,46,253,23,210,124,209,124,209,186,208,216,208,232,209,117,253,4,211,152,253,37,148,14,254,240,42,0,4,4,0,76,22,6,4,255,0,4,255,0,8,0,0,0,0,15,31,51,31,17,21,25,1,17,12,33,145,23,3,0,182,146,4,0,0,255,2,0,0,13,12,0,255,0,0,0,185,210,0,2,0,111,64,255,255,0,88,92,0,0,0,0,0,0,0,0,0,0,0,0,0,0,0,46,218,102,183
93,13,1,37,148,4,0,0,210,0,0,161,0,6,1,0,240,231,117,253,117,253,117,253,117,253,117,253,117,253,0,0,0,46,253,23,210,124,209,124,209,186,208,216,208,232,209,117,253,4,211,152,253,37,148,14,254,240,42,0,4,4,0,76,22,6,4,255,0,4,255,0,8,0,0,0,0,15,31,51,31,17,21,25,1,17,12,33,145,23,3,0,182,146,3,0,0,255,2,0,0,13,12,0,255,0,0,0,185,210,0,2,0,223,64,255,255,0,88,92,0,0,0,0,0,0,0,0,0,0,0,0,0,0,0,46,218,102,183
94,8,1,37,148,4,0,0,210,0,0,162,0,6,1,0,84,40,117,253,117,253,117,253,117,253,117,253,117,253,0,0,0,46,253,23,210,124,209,124,209,186,208,216,208,232,209,117,253,4,211,152,253,37,148,14,254,240,42,0,4,4,0,76,22,6,4,255,0,4,255,0,8,0,0,0,0,15,31,51,31,17,21,25,1,17,12,33,145,23,3,0,182,146,2,0,0,255,2,0,0,13,12,0,255,0,0,0,185,210,0,2,0,95,64,255,255,0,88,92,0,0,0,0,0,0,0,0,0,0,0,0,0,0,0,46,218,102,183
95,14,1,37,148,4,0,0,210,0,0,163,0,6,1,0,63,120,117,253,117,253,117,253,117,253,117,253,117,253,0,0,0,46,253,23,210,124,209,124,209,186,208,216,208,232,209,117,253,4,211,152,253,37,148,14,254,240,42,0,4,4,0,76,22,6,4,255,0,4,255,0,8,0,0,0,0,15,31,51,31,17,21,25,1,17,12,33,145,23,3,0,182,146,1,0,0,255,2,0,0,13,12,0,255,0,0,0,185,210,0,2,0,111,64,255,255,0,88,92,0,0,0,0,0,0,0,0,0,0,0,0,0,0,0,46,218,102,183
96,15,1,37,148,4,0,0,210,0,0,164,0,6,1,0,126,136,117,253,117,253,117,253,117,253,117,253,117,253,0,0,0,46,253,23,210,124,209,124,209,201,208,216,208,100,209,107,209,4,211,152,253,37,148,14,254,240,42,0,4,4,0,76,22,6,3,255,0,4,255,0,8,0,0,0,0,15,31,51,31,17,21,25,1,17,12,33,145,23,3,0,182,146,0,0,0,255,2,0,0,13,12,0,255,0,0,0,185,210,0,2,0,175,64,255,255,0,88,92,0,0,0,0,0,0,0,0,0,0,0,0,0,0,0,46,218,102,183
97,11,1,37,148,4,0,0,210,0,0,165,0,6,1,0,190,152,117,253,117,253,117,253,117,253,117,253,117,253,0,0,0,46,253,23,210,124,209,124,209,201,208,216,208,100,209,107,209,4,211,152,253,37,148,14,254,240,42,0,4,4,0,76,22,6,3,255,0,4,255,0,8,0,0,0,0,15,31,51,31,17,21,25,1,17,12,33,145,23,3,0,182,146,0,0,0,255,2,0,0,13,12,0,255,0,0,0,185,210,0,2,0,127,64,255,255,0,88,92,0,0,0,0,0,0,0,0,0,0,0,0,0,0,0,46,218,102,183
98,2,1,37,148,4,0,0,210,0,0,166,0,6,1,0,254,169,117,253,117,253,117,253,117,253,117,253,117,253,0,0,0,46,253,23,210,124,209,124,209,201,208,216,208,100,209,107,209,4,211,152,253,37,148,14,254,240,42,0,4,4,0,76,22,6,3,255,0,4,255,0,8,0,0,0,0,15,31,51,31,17,21,25,1,17,12,33,145,23,3,0,182,146,0,0,0,255,2,0,0,13,12,0,255,0,0,0,185,210,0,2,0,239,64,255,255,0,88,92,0,0,0,0,0,0,0,0,0,0,0,0,0,0,0,46,218,102,183
99,10,1,37,148,4,0,0,210,0,0,167,0,6,1,0,62,250,117,253,117,253,117,253,117,253,117,253,117,253,0,0,0,46,253,23,210,124,209,124,209,201,208,216,208,100,209,107,209,4,211,152,253,37,148,14,254,240,42,0,4,4,0,76,22,6,3,255,0,4,255,0,8,0,0,0,0,15,31,51,31,17,21,25,1,17,12,33,145,23,3,0,182,146,0,0,0,255,2,0,0,13,12,0,255,0,0,0,185,210,0,2,0,239,64,255,255,0,88,92,0,0,0,0,0,0,0,0,0,0,0,0,0,0,0,46,218,102,183
100,3,1,37,148,4,0,0,210,0,0,168,0,6,1,0,126,14,117,253,117,253,117,253,117,253,117,253,117,253,0,0,0,46,253,23,210,124,209,124,209,186,208,216,208,101,209,108,209,3,211,93,253,37,148,14,254,240,42,0,4,4,0,76,22,6,2,255,0,4,255,0,8,0,0,0,0,15,31,51,31,17,21,25,1,17,12,33,145,23,3,0,182,146,0,0,0,255,2,0,0,13,12,0,255,0,0,0,185,210,0,2,0,127,64,255,255,0,88,92,0,0,0,0,0,0,0,0,0,0,0,0,0,0,0,46,218,102,183
101,15,1,37,148,4,0,0,210,0,0,169,0,6,1,0,193,18,117,253,117,253,117,253,117,253,117,253,117,253,0,0,0,46,253,23,210,124,209,124,209,186,208,216,208,101,209,108,209,3,211,93,253,37,148,14,254,240,42,0,4,4,0,76,22,6,2,255,0,4,255,0,8,0,0,0,0,15,31,51,31,17,21,25,1,17,12,33,145,23,3,0,182,146,0,0,0,255,2,0,0,13,12,0,255,0,0,0,185,210,0,2,0,175,64,255,255,0,88,92,0,0,0,0,0,0,0,0,0,0,0,0,0,0,0,46,218,102,183
102,10,1,37,148,4,0,0,210,0,0,170,0,6,1,0,132,55,117,253,117,253,117,253,117,253,117,253,117,253,0,0,0,46,253,23,210,124,209,124,209,186,208,216,208,101,209,108,209,3,211,93,253,37,148,14,254,240,42,0,4,4,0,76,22,6,2,255,0,4,255,0,8,0,0,0,0,15,31,51,31,17,21,25,1,17,12,33,145,23,3,0,182,146,0,0,0,255,2,0,0,13,12,0,255,0,0,0,185,210,0,2,0,239,64,255,255,0,88,92,0,0,0,0,0,0,0,0,0,0,0,0,0,0,0,46,218,102,183
103,6,1,37,148,4,0,0,210,0,0,171,0,6,1,0,79,88,117,253,117,253,117,253,117,253,117,253,117,253,0,0,0,46,253,23,210,124,209,124,209,186,208,216,208,101,209,108,209,3,211,93,253,37,148,14,254,240,42,0,4,4,0,76,22,6,2,255,0,4,255,0,8,0,0,0,0,15,31,51,31,17,21,25,1,17,12,33,145,23,3,0,182,146,0,0,0,255,2,0,0,13,12,0,255,0,0,0,185,210,0,2,0,111,64,255,255,0,88,92,0,0,0,0,0,0,0,0,0,0,0,0,0,0,0,46,218,102,183
104,7,1,37,148,4,0,0,210,0,0,172,0,6,1,0,46,232,117,253,117,253,117,253,117,253,117,253,117,253,0,0,0,46,253,23,210,124,209,124,209,201,208,216,208,101,209,108,209,3,211,93,253,37,148,14,254,240,42,0,4,4,0,76,22,6,1,255,0,4,255,0,8,0,0,0,0,15,31,51,31,17,21,25,1,17,12,33,145,23,3,0,182,146,0,0,0,255,2,0,0,13,12,0,255,0,0,0,185,210,0,2,0,175,64,255,255,0,88,92,0,0,0,0,0,0,0,0,0,0,0,0,0,0,0,46,218,102,183
105,0,1,37,148,4,0,0,210,0,0,173,0,6,1,0,14,56,117,253,117,253,117,253,117,253,117,253,117,253,0,0,0,46,253,23,210,124,209,124,209,201,208,216,208,101,209,108,209,3,211,93,253,37,148,14,254,240,42,0,4,4,0,76,22,6,1,255,0,4,255,0,8,0,0,0,0,15,31,51,31,17,21,25,1,17,12,33,145,23,3,0,182,146,0,0,0,255,2,0,0,13,12,0,255,0,0,0,185,210,0,2,0,255,64,255,255,0,88,92,0,0,0,0,0,0,0,0,0,0,0,0,0,0,0,46,218,102,183
106,8,1,37,148,4,0,0,210,0,0,174,0,6,1,0,209,72,117,253,117,253,117,253,117,253,117,253,117,253,0,0,0,46,253,23,210,124,209,124,209,201,208,216,208,101,209,108,209,3,211,93,253,37,148,14,254,240,42,0,4,4,0,76,22,6,1,255,0,4,255,0,8,0,0,0,0,15,31,51,31,17,21,25,1,17,12,33,145,23,3,0,182,146,0,0,0,255,2,0,0,13,12,0,255,0,0,0,185,210,0,2,0,95,64,255,255,0,88,92,0,0,0,0,0,0,0,0,0,0,0,0,0,0,0,46,218,102,183
107,3,1,37,148,4,0,0,210,0,0,175,0,6,1,0,180,217,117,253,117,253,117,253,117,253,117,253,117,253,0,0,0,46,253,23,210,124,209,124,209,201,208,216,208,101,209,108,209,3,211,93,253,37,148,14,254,240,42,0,4,4,0,76,22,6,1,255,0,4,255,0,8,0,0,0,0,15,31,51,31,17,21,25,1,17,12,33,145,23,3,0,182,146,0,0,0,255,2,0,0,13,12,0,255,0,0,0,185,210,0,2,0,127,64,255,255,0,88,92,0,0,0,0,0,0,0,0,0,0,0,0,0,0,0,46,218,102,183
108,7,1,37,148,4,0,0,210,0,0,176,0,6,1,0,152,106,117,253,117,253,117,253,117,253,117,253,117,253,0,0,0,46,253,23,210,124,209,124,209,186,208,216,208,100,209,107,209,2,211,152,253,37,148,14,254,240,42,0,4,4,0,76,22,6,0,255,0,4,255,0,8,0,0,0,0,15,31,51,31,17,21,25,1,17,12,33,145,23,3,0,182,146,0,0,0,255,2,0,0,13,12,0,255,0,0,0,185,210,0,2,0,175,64,255,255,0,88,92,0,0,0,0,0,0,0,0,0,0,0,0,0,0,0,46,218,102,183
109,11,1,37,148,4,0,0,210,0,0,177,0,6,1,0,107,191,117,253,117,253,117,253,117,253,117,253,117,253,0,0,0,46,253,23,210,124,209,124,209,186,208,216,208,100,209,107,209,2,211,152,253,37,148,14,254,240,42,0,4,4,0,76,22,6,0,255,0,4,255,0,8,0,0,0,0,15,31,51,31,17,21,25,1,17,12,33,145,23,3,0,182,146,0,0,0,255,2,0,0,13,12,0,255,0,0,0,185,210,0,2,0,127,64,255,255,0,88,92,0,0,0,0,0,0,0,0,0,0,0,0,0,0,0,46,218,102,183
110,5,1,37,148,4,0,0,210,0,0,178,0,6,1,0,241,193,117,253,117,253,117,253,117,253,117,253,117,253,0,0,0,46,253,23,210,124,209,124,209,186,208,216,208,100,209,107,209,2,211,152,253,37,148,14,254,240,42,0,4,4,0,76,22,6,0,255,0,4,255,0,8,0,0,0,0,15,31,51,31,17,21,25,1,17,12,33,145,23,3,0,182,146,0,0,0,255,2,0,0,13,12,0,255,0,0,0,185,210,0,2,0,223,64,255,255,0,88,92,0,0,0,0,0,0,0,0,0,0,0,0,0,0,0,46,218,102,183
111,10,1,37,148,4,0,0,210,0,0,179,0,6,1,0,87,66,117,253,117,253,117,253,117,253,117,253,117,253,0,0,0,46,253,23,210,124,209,124,209,186,208,216,208,100,209,107,209,2,211,152,253,37,148,14,254,240,42,0,4,4,0,76,22,6,0,255,0,4,255,0,8,0,0,0,0,15,31,51,31,17,21,25,1,17,12,33,145,23,3,0,182,146,0,0,0,255,2,0,0,13,12,0,255,0,0,0,185,210,0,2,0,239,64,255,255,0,88,92,0,0,0,0,0,0,0,0,0,0,0,0,0,0,0,46,218,102,183
112,13,1,37,148,4,0,0,210,0,0,180,0,2,1,0,38,198,117,253,117,253,117,253,117,253,117,253,117,253,0,0,0,46,253,23,210,124,209,124,209,201,208,216,208,100,209,107,209,2,211,152,253,37,148,14,254,240,42,0,4,4,0,76,22,6,0,255,0,4,255,0,8,0,0,0,0,15,31,51,31,17,21,25,1,17,12,33,145,23,3,0,182,146,0,0,0,255,2,0,0,13,12,0,255,0,0,0,185,210,0,2,0,223,64,255,255,0,88,92,0,0,0,0,0,0,0,0,0,0,0,0,0,0,0,46,218,102,183
113,1,1,77,235,4,0,0,210,40,87,181,0,4,1,0,54,74,117,253,117,253,117,253,117,253,117,253,117,253,0,0,0,117,253,23,210,124,209,124,209,201,208,216,208,100,209,107,209,2,211,152,253,77,235,14,254,240,58,0,4,4,0,8,8,6,0,255,0,4,255,0,8,0,0,0,0,15,31,51,31,17,21,25,1,17,12,33,145,23,3,0,182,146,0,0,0,255,2,0,0,13,12,0,255,0,0,0,185,210,0,2,0,255,64,255,255,0,88,92,0,0,0,0,0,0,0,0,0,0,0,0,0,0,0,46,218,31,177
114,3,1,78,235,4,0,0,210,1,0,182,0,4,1,0,25,222,117,253,117,253,117,253,117,253,117,253,117,253,0,0,0,46,253,23,210,124,209,124,209,0,208,21,208,100,209,107,209,2,211,152,253,78,235,14,254,240,58,0,4,4,0,128,18,0,0,0,0,4,255,0,8,0,0,0,0,15,31,51,31,17,21,25,1,17,12,33,145,23,3,0,182,146,0,0,0,255,2,0,77,13,0,0,0,0,0,0,185,210,0,2,0,127,128,255,255,0,23,92,0,0,14,0,0,0,0,0,0,0,0,0,0,0,0,46,218,139,219
115,4,1,77,235,4,0,0,210,-1,0,183,0,4,1,0,239,98,117,253,117,253,117,253,117,253,117,253,117,253,0,0,0,46,253,23,210,124,209,124,209,42,208,21,208,100,209,107,209,2,211,152,253,77,235,14,254,240,58,0,4,4,0,72,18,1,0,0,0,4,255,0,8,0,0,0,0,15,31,51,31,17,21,25,1,17,12,33,145,23,3,0,182,146,0,0,0,255,2,0,78,19,0,0,0,0,0,0,185,210,0,2,0,191,64,255,255,0,24,92,0,0,14,0,0,0,0,0,0,0,0,0,0,0,0,46,218,139,219
116,7,1,76,235,4,0,0,210,-1,0,184,0,4,1,0,78,167,117,253,117,253,117,253,117,253,117,253,117,253,0,0,0,46,253,40,210,124,209,124,209,0,208,21,208,101,209,108,209,1,211,93,253,76,235,14,254,240,57,0,4,4,0,72,18,0,0,0,0,4,255,0,8,1,0,0,0,15,31,51,31,17,21,25,1,17,12,33,145,23,3,0,182,146,0,0,0,255,2,0,77,18,0,0,0,0,0,0,185,210,0,2,0,175,64,255,255,0,25,92,1,0,14,0,0,0,0,0,0,0,0,0,0,0,0,46,218,139,219
117,1,1,76,235,4,0,0,210,0,0,185,0,4,1,0,46,233,117,253,117,253,117,253,117,253,117,253,117,253,0,0,0,46,253,40,210,124,209,124,209,0,208,21,208,101,209,108,209,1,211,93,253,76,235,14,254,240,57,0,4,4,0,72,6,0,0,255,0,4,255,0,8,1,0,0,0,15,31,51,31,17,21,25,1,17,12,33,145,23,3,0,182,146,0,0,0,19,0,0,1,19,0,0,0,0,0,0,185,210,0,2,0,255,64,255,255,0,49,92,0,0,28,0,0,0,0,0,0,0,0,0,0,0,0,46,218,139,219
118,17,1,76,238,4,0,0,210,0,3,186,0,4,1,0,14,59,117,253,117,253,117,253,117,253,117,253,117,253,0,0,0,46,253,40,210,124,209,124,209,165,208,21,208,101,209,108,209,1,211,93,253,76,238,14,254,240,57,0,4,4,0,72,6,0,0,255,0,4,255,0,8,1,0,0,0,15,31,51,31,17,21,25,1,17,12,33,145,23,3,0,182,146,0,0,0,18,0,0,1,19,0,0,0,0,0,0,185,210,0,2,0,159,64,255,255,0,50,92,0,0,28,0,0,0,0,0,0,0,0,0,0,0,0,46,218,139,219
119,2,1,76,241,4,0,0,210,0,3,187,0,4,1,0,209,77,117,253,117,253,117,253,117,253,117,253,117,253,0,0,0,46,253,40,210,124,209,124,209,165,208,21,208,101,209,108,209,1,211,93,253,76,241,14,254,240,57,0,4,4,0,72,6,0,0,255,0,4,255,0,8,1,0,0,0,15,31,51,31,17,21,25,1,17,12,33,145,23,3,0,182,146,0,0,0,17,0,0,1,19,0,0,0,0,0,0,185,210,0,2,0,239,64,255,255,0,51,92,0,0,28,0,0,0,0,0,0,0,0,0,0,0,0,46,218,139,219
120,0,1,76,244,4,0,0,210,0,3,188,0,4,1,0,180,214,117,253,117,253,117,253,117,253,117,253,117,253,0,0,0,46,253,40,210,124,209,124,209,165,208,21,208,101,209,108,209,1,211,93,253,76,244,14,254,240,56,0,4,4,0,72,6,0,0,255,0,4,255,0,8,1,0,0,0,15,31,51,31,17,21,25,1,17,12,33,145,23,3,0,182,146,0,0,0,16,0,0,1,19,0,0,0,0,0,0,185,210,0,2,0,255,64,255,255,0,52,92,0,0,28,0,0,0,0,0,0,0,0,0,0,0,0,46,218,139,219
121,3,1,76,246,4,0,0,210,0,2,189,0,4,1,0,152,123,117,253,117,253,117,253,117,253,117,253,117,253,0,0,0,46,253,40,210,124,209,124,209,165,208,21,208,101,209,108,209,1,211,93,253,76,246,14,254,240,56,0,4,4,0,72,6,0,0,255,0,4,255,0,8,1,0,0,0,15,31,51,31,17,21,25,1,17,12,33,145,23,3,0,182,146,0,0,0,15,0,0,1,19,0,0,0,0,0,0,185,210,0,2,0,127,64,255,255,0,53,92,0,0,28,0,0,0,0,0,0,0,0,0,0,0,0,46,218,139,219
122,6,1,76,248,4,0,0,210,0,2,190,0,4,1,0,107,140,117,253,117,253,117,253,117,253,117,253,117,253,0,0,0,46,253,40,210,124,209,124,209,165,208,21,208,101,209,108,209,1,211,93,253,76,248,14,254,240,56,0,4,4,0,72,6,0,0,255,0,4,255,0,8,1,0,0,0,15,31,51,31,17,21,25,1,17,12,33,145,23,3,0,182,146,0,0,0,14,0,0,1,19,0,0,0,0,0,0,185,210,0,2,0,111,64,255,255,0,54,92,0,0,28,0,0,0,0,0,0,0,0,0,0,0,0,46,218,139,219
123,3,1,76,250,4,0,0,210,0,2,191,0,4,1,0,241,148,117,253,117,253,117,253,117,253,117,253,117,253,0,0,0,46,253,40,210,124,209,124,209,165,208,21,208,101,209,108,209,1,211,93,253,76,250,14,254,240,56,0,4,4,0,72,6,0,0,255,0,4,255,0,8,1,0,0,0,15,31,51,31,17,21,25,1,17,12,33,145,23,3,0,182,146,0,0,0,13,0,0,1,19,0,0,0,0,0,0,185,210,0,2,0,127,64,255,255,0,55,92,0,0,28,0,0,0,0,0,0,0,0,0,0,0,0,46,218,139,219
124,12,1,76,251,4,0,0,210,0,1,192,0,4,1,0,87,189,117,253,117,253,117,253,117,253,117,253,117,253,0,0,0,46,253,56,210,124,209,124,209,165,208,21,208,100,209,107,209,4,211,152,253,76,251,14,254,240,55,0,4,4,0,72,6,0,0,255,0,4,255,0,8,2,0,0,0,15,31,51,31,17,21,25,1,17,12,33,145,23,3,0,182,146,0,0,0,12,0,0,1,19,0,0,0,0,0,0,185,210,0,2,0,191,64,255,255,0,56,92,0,0,28,0,0,0,0,0,0,0,0,0,0,0,0,46,218,139,219
125,2,1,76,252,4,0,0,210,0,1,193,0,4,1,0,37,199,117,253,117,253,117,253,117,253,117,253,117,253,0,0,0,46,253,56,210,124,209,124,209,165,208,21,208,100,209,107,209,4,211,152,253,76,252,14,254,240,55,0,4,4,0,72,6,0,0,255,0,4,255,0,8,2,0,0,0,15,31,51,31,17,21,25,1,17,12,33,145,23,3,0,182,146,0,0,0,11,0,0,1,19,0,0,0,0,0,0,185,210,0,2,0,239,64,255,255,0,57,92,0,0,28,0,0,0,0,0,0,0,0,0,0,0,0,46,218,139,219
126,11,1,76,252,4,0,0,210,0,0,194,0,4,1,0,43,73,117,253,117,253,117,253,117,253,117,253,117,253,0,0,0,46,253,56,210,124,209,124,209,165,208,21,208,100,209,107,209,4,211,152,253,76,252,14,254,240,55,0,4,4,0,72,6,0,0,255,0,4,255,0,8,2,0,0,0,15,31,51,31,17,21,25,1,17,12,33,145,23,3,0,182,146,0,0,0,10,0,0,1,19,0,0,0,0,0,0,185,210,0,2,0,127,64,255,255,0,57,92,0,0,0,0,0,0,0,0,0,0,0,0,0,0,0,46,218,139,219
127,3,1,76,252,4,0,0,210,0,0,195,0,4,1,0,50,219,117,253,117,253,117,253,117,253,117,253,117,253,0,0,0,46,253,56,210,124,209,124,209,165,208,21,208,100,209,107,209,4,211,152,253,76,252,14,254,240,55,0,4,4,0,72,6,0,0,255,0,4,255,0,8,2,0,0,0,15,31,51,31,17,21,25,1,17,12,33,145,23,3,0,182,146,0,0,0,9,0,0,1,19,0,0,0,0,0,0,185,210,0,2,0,127,64,255,255,0,57,92,0,0,0,0,0,0,0,0,0,0,0,0,0,0,0,46,218,139,219
128,1,1,76,252,4,0,0,210,0,0,196,0,4,1,0,26,109,117,253,117,253,117,253,117,253,117,253,117,253,0,0,0,46,253,56,210,124,209,124,209,165,208,21,208,100,209,107,209,4,211,152,253,76,252,14,254,240,54,0,4,4,0,72,6,0,0,255,0,4,255,0,8,2,0,0,0,15,31,51,31,17,21,25,1,17,12,33,145,23,3,0,182,146,0,0,0,8,0,0,1,19,0,0,0,0,0,0,185,210,0,2,0,255,64,255,255,0,57,92,0,0,0,0,0,0,0,0,0,0,0,0,0,0,0,46,218,139,219
129,0,1,76,252,4,0,0,210,0,0,197,0,4,1,0,237,183,117,253,117,253,117,253,117,253,117,253,117,253,0,0,0,46,253,56,210,124,209,124,209,165,208,21,208,100,209,107,209,4,211,152,253,76,252,14,254,240,54,0,4,4,0,72,6,0,0,255,0,4,255,0,8,2,0,0,0,15,31,51,31,17,21,25,1,17,12,33,145,23,3,0,182,146,0,0,0,7,0,0,1,19,0,0,0,0,0,0,185,210,0,2,0,255,64,255,255,0,57,92,0,0,0,0,0,0,0,0,0,0,0,0,0,0,0,46,218,139,219
130,6,1,76,251,4,0,0,210,0,-1,198,0,4,1,0,115,216,117,253,117,253,117,253,117,253,117,253,117,253,0,0,0,46,253,56,210,124,209,124,209,165,208,21,208,100,209,107,209,4,211,152,253,76,251,14,254,240,54,0,4,4,0,72,6,0,0,255,0,4,255,0,8,2,0,0,0,15,31,51,31,17,21,25,1,17,12,33,145,23,3,0,182,146,0,0,0,6,0,0,1,19,0,0,0,0,0,0,185,210,0,2,0,111,64,255,255,0,57,92,0,0,0,0,0,0,0,0,0,0,0,0,0,0,0,46,218,139,219
131,5,1,76,250,4,0,0,210,0,-1,199,0,4,1,0,217,104,117,253,117,253,117,253,117,253,117,253,117,253,0,0,0,46,253,56,210,124,209,124,209,165,208,21,208,100,209,107,209,4,211,152,253,76,250,14,254,240,54,0,4,4,0,72,6,0,0,255,0,4,255,0,8,2,0,0,0,15,31,51,31,17,21,25,1,17,12,33,145,23,3,0,182,146,0,0,0,5,0,0,1,19,0,0,0,0,0,0,185,210,0,2,0,223,64,255,255,0,57,92,0,0,0,0,0,0,0,0,0,0,0,0,0,0,0,46,218,139,219
132,3,1,76,248,4,0,0,210,0,-2,200,0,4,1,0,172,185,117,253,117,253,117,253,117,253,117,253,117,253,0,0,0,46,253,68,210,124,209,124,209,165,208,21,208,101,209,108,209,3,211,93,253,76,248,14,254,240,53,0,4,4,0,72,6,0,0,255,0,4,255,0,8,3,0,0,0,15,31,51,31,17,21,25,1,17,12,33,145,23,3,0,182,146,0,0,0,4,0,0,1,19,0,0,0,0,0,0,185,210,0,2,0,127,64,255,255,0,57,92,0,0,0,0,0,0,0,0,0,0,0,0,0,0,0,46,218,139,219
133,15,1,76,246,4,0,0,210,0,-2,201,0,4,1,0,176,202,117,253,117,253,117,253,117,253,117,253,117,253,0,0,0,46,253,68,210,124,209,124,209,165,208,21,208,101,209,108,209,3,211,93,253,76,246,14,254,240,53,0,4,4,0,72,6,0,0,255,0,4,255,0,8,3,0,0,0,15,31,51,31,17,21,25,1,17,12,33,145,23,3,0,182,146,0,0,0,3,0,0,1,19,0,0,0,0,0,0,185,210,0,2,0,175,64,255,255,0,57,92,0,0,0,0,0,0,0,0,0,0,0,0,0,0,0,46,218,139,219
134,6,1,76,244,4,0,0,210,0,-2,202,0,4,1,0,148,95,117,253,117,253,117,253,117,253,117,253,117,253,0,0,0,46,253,68,210,124,209,124,209,165,208,21,208,101,209,108,209,3,211,93,253,76,244,14,254,240,53,0,4,4,0,72,6,0,0,255,0,4,255,0,8,3,0,0,0,15,31,51,31,17,21,25,1,17,12,33,145,23,3,0,182,146,0,0,0,2,0,0,1,19,0,0,0,0,0,0,185,210,0,2,0,111,64,255,255,0,57,92,0,0,0,0,0,0,0,0,0,0,0,0,0,0,0,46,218,139,219
135,1,1,76,241,4,0,0,210,0,-3,203,0,4,1,0,127,224,117,253,117,253,117,253,117,253,117,253,117,253,0,0,0,46,253,68,210,124,209,124,209,165,208,21,208,101,209,108,209,3,211,93,253,76,241,14,254,240,53,0,4,4,0,72,6,0,0,255,0,4,255,0,8,3,0,0,0,15,31,51,31,17,21,25,1,17,12,33,145,23,3,0,182,146,0,0,0,1,0,0,1,19,0,0,0,0,0,0,185,210,0,2,0,255,64,255,255,0,57,92,0,0,0,0,0,0,0,0,0,0,0,0,0,0,0,46,218,139,219
136,0,1,76,238,4,0,0,210,0,-3,204,0,4,1,0,189,32,117,253,117,253,117,253,117,253,117,253,117,253,0,0,0,46,253,68,210,124,209,124,209,165,208,21,208,101,209,108,209,3,211,93,253,76,238,14,254,240,52,0,4,4,0,72,6,0,0,255,0,4,255,0,8,3,0,0,0,15,31,51,31,17,21,25,1,17,12,33,145,23,3,0,182,146,0,0,0,0,0,0,1,19,0,0,0,0,0,0,185,210,0,2,0,255,64,255,255,0,57,92,0,0,0,0,0,0,0,0,0,0,0,0,0,0,0,46,218,139,219
137,17,1,76,235,4,0,0,210,0,-3,205,0,4,1,0,128,97,117,253,117,253,117,253,117,253,117,253,117,253,0,0,0,46,253,68,210,124,209,124,209,165,208,21,208,101,209,108,209,3,211,93,253,76,235,14,254,240,52,0,4,4,0,72,8,0,0,255,0,4,255,0,8,3,0,0,0,15,31,51,31,17,21,25,1,17,12,33,145,23,3,0,182,146,0,0,0,255,0,0,1,19,10,0,0,0,0,0,185,210,0,2,0,159,64,255,255,0,57,92,0,0,0,0,0,0,0,0,0,0,0,0,0,0,0,46,218,139,219
138,13,1,77,226,4,0,0,210,1,-9,206,0,4,1,0,67,162,117,253,117,253,117,253,117,253,117,253,117,253,0,0,0,46,253,68,210,124,209,124,209,0,208,21,208,101,209,108,209,3,211,93,253,77,226,14,254,240,52,0,4,4,0,40,10,0,0,255,0,4,255,0,8,3,0,0,0,15,31,51,31,17,21,25,1,17,12,33,145,23,3,0,182,146,0,0,0,255,0,0,0,19,0,0,9,0,9,0,185,210,0,2,0,223,64,255,255,0,57,92,0,0,0,0,0,0,0,0,0,0,0,0,0,0,0,46,218,139,219
139,3,1,77,226,4,0,0,210,0,0,207,0,4,1,0,9,230,117,253,117,253,117,253,117,253,117,253,117,253,0,0,0,46,253,68,210,124,209,124,209,82,208,102,208,101,209,108,209,3,211,93,253,77,226,14,254,240,52,0,4,4,0,40,10,1,0,255,0,4,255,0,8,3,0,0,0,15,31,51,31,17,21,25,1,17,12,33,145,23,3,0,182,146,0,0,0,255,0,0,1,19,0,0,2,1,9,2,185,210,0,2,0,127,64,255,255,0,57,92,0,0,0,0,0,0,0,0,0,0,0,0,0,0,0,46,218,139,219
140,8,1,77,226,4,0,0,210,0,0,208,0,4,1,0,223,42,117,253,117,253,117,253,117,253,117,253,117,253,0,0,0,46,253,80,210,124,209,124,209,62,208,102,208,100,209,107,209,2,211,152,253,77,226,14,254,240,51,0,4,4,0,40,10,1,0,255,0,4,255,0,8,4,0,0,0,15,31,51,31,17,21,25,1,17,12,33,145,23,3,0,182,146,0,0,0,255,0,0,1,18,0,0,2,1,9,2,185,210,0,2,0,95,64,255,255,0,57,92,0,0,0,0,0,0,0,0,0,0,0,0,0,0,0,46,218,139,219
141,2,1,77,227,4,0,0,210,0,1,209,0,4,1,0,94,127,117,253,117,253,117,253,117,253,117,253,117,253,0,0,0,46,253,80,210,124,209,124,209,62,208,102,208,100,209,107,209,2,211,152,253,77,227,14,254,240,51,0,4,4,0,24,10,1,0,255,0,4,255,0,8,4,0,0,0,15,31,51,31,17,21,25,1,17,12,33,145,23,3,0,182,146,0,0,0,255,0,0,1,18,0,0,2,1,9,2,185,210,0,2,0,239,64,255,255,0,57,92,0,0,0,0,0,0,0,0,0,0,0,0,0,0,0,46,218,139,219
142,7,1,77,227,4,0,0,210,0,0,210,0,4,1,0,33,129,117,253,117,253,117,253,117,253,117,253,117,253,0,0,0,46,253,80,210,124,209,124,209,62,208,102,208,100,209,107,209,2,211,152,253,77,227,14,254,240,51,0,4,4,0,24,10,1,0,255,0,4,255,0,8,4,0,0,0,15,31,51,31,17,21,25,1,17,12,33,145,23,3,0,182,146,0,0,0,255,0,0,1,18,0,0,2,1,9,2,185,210,0,2,0,175,64,255,255,0,57,92,0,0,0,0,0,0,0,0,0,0,0,0,0,0,0,46,218,139,219
143,2,1,77,228,4,0,0,210,0,1,211,0,4,1,0,39,131,117,253,117,253,117,253,117,253,117,253,117,253,0,0,0,46,253,80,210,124,209,124,209,62,208,102,208,100,209,107,209,2,211,152,253,77,228,14,254,240,51,0,4,4,0,24,10,1,0,255,0,4,255,0,8,4,0,0,0,15,31,51,31,17,21,25,1,17,12,33,145,23,3,0,182,146,0,0,0,255,0,0,1,18,0,0,2,1,9,2,185,210,0,2,0,239,64,255,255,0,57,92,0,0,0,0,0,0,0,0,0,0,0,0,0,0,0,46,218,139,219
144,9,1,77,228,4,0,0,210,0,0,212,0,4,1,0,53,133,117,253,117,253,117,253,117,253,117,253,117,253,0,0,0,46,253,80,210,124,209,124,209,82,208,102,208,100,209,107,209,2,211,152,253,77,228,14,254,240,50,0,4,4,0,24,10,1,0,255,0,4,255,0,8,4,0,0,0,15,31,51,31,17,21,25,1,17,12,33,145,23,3,0,182,146,0,0,0,255,0,0,1,18,0,0,2,1,9,2,185,210,0,2,0,159,64,255,255,0,57,92,0,0,0,0,0,0,0,0,0,0,0,0,0,0,0,46,218,139,219
145,11,1,77,228,4,0,0,210,0,0,213,0,4,1,0,27,143,117,253,117,253,117,253,117,253,117,253,117,253,0,0,0,46,253,80,210,124,209,124,209,82,208,102,208,100,209,107,209,2,211,152,253,77,228,14,254,240,50,0,4,4,0,24,10,1,0,255,0,4,255,0,8,4,0,0,0,15,31,51,31,17,21,25,1,17,12,33,145,23,3,0,182,146,0,0,0,255,0,0,1,18,0,0,2,1,9,2,185,210,0,2,0,127,64,255,255,0,57,92,0,0,0,0,0,0,0,0,0,0,0,0,0,0,0,46,218,139,219
146,13,1,77,227,4,0,0,210,0,-1,214,0,4,1,0,225,145,117,253,117,253,117,253,117,253,117,253,117,253,0,0,0,46,253,80,210,124,209,124,209,82,208,102,208,100,209,107,209,2,211,152,253,77,227,14,254,240,50,0,4,4,0,40,10,1,0,255,0,4,255,0,8,4,0,0,0,15,31,51,31,17,21,25,1,17,12,33,145,23,3,0,182,146,0,0,0,255,0,0,1,18,0,0,2,1,9,2,185,210,0,2,0,223,64,255,255,0,57,92,0,0,0,0,0,0,0,0,0,0,0,0,0,0,0,46,218,139,219
147,5,1,77,226,4,0,0,210,0,-1,215,0,4,1,0,103,178,117,253,117,253,117,253,117,253,117,253,117,253,0,0,0,46,253,80,210,124,209,124,209,82,208,102,208,100,209,107,209,2,211,152,253,77,226,14,254,240,50,0,4,4,0,40,10,1,0,255,0,4,255,0,8,4,0,0,0,15,31,51,31,17,21,25,1,17,12,33,145,23,3,0,182,146,0,0,0,255,0,0,1,18,0,0,2,1,9,2,185,210,0,2,0,223,64,255,255,0,57,92,0,0,0,0,0,0,0,0,0,0,0,0,0,0,0,46,218,139,219
148,1,1,77,226,4,0,0,210,0,0,216,0,4,1,0,245,214,117,253,117,253,117,253,117,253,117,253,117,253,0,0,0,46,253,92,210,124,209,124,209,62,208,102,208,101,209,108,209,1,211,93,253,77,226,14,254,240,49,0,4,4,0,40,0,1,0,255,0,4,255,0,8,5,0,0,0,15,31,51,31,17,21,25,1,17,12,33,145,23,3,0,182,146,0,0,0,255,0,0,1,18,0,0,2,1,9,2,185,210,0,2,0,255,64,255,255,0,57,92,0,0,0,0,0,0,0,0,0,0,0,0,0,0,0,46,218,139,219
149,16,1,77,226,4,0,0,210,0,0,217,0,4,1,0,91,123,117,253,117,253,117,253,117,253,117,253,117,253,0,0,0,46,253,92,210,124,209,124,209,62,208,102,208,101,209,108,209,1,211,93,253,77,226,14,254,240,49,0,4,4,0,40,0,1,0,255,0,4,255,0,8,5,0,0,0,15,31,51,31,17,21,25,1,17,12,33,145,23,3,0,182,146,0,0,0,255,0,0,1,18,0,0,2,1,9,2,185,210,0,2,0,95,64,255,255,0,57,92,0,0,0,0,0,0,0,0,0,0,0,0,0,0,0,46,218,139,219
150,14,1,77,226,4,0,0,210,0,0,218,0,4,1,0,34,141,117,253,117,253,117,253,117,253,117,253,117,253,0,0,0,46,253,92,210,124,209,124,209,62,208,102,208,101,209,108,209,1,211,93,253,77,226,14,254,240,49,0,4,4,0,40,0,1,0,255,0,4,255,0,8,5,0,0,0,15,31,51,31,17,21,25,1,17,12,33,145,23,3,0,182,146,0,0,0,255,0,0,1,18,0,0,2,1,9,2,185,210,0,2,0,111,64,255,255,0,57,92,0,0,0,0,0,0,0,0,0,0,0,0,0,0,0,46,218,139,219
151,1,1,77,226,4,0,0,210,0,0,219,0,4,1,0,42,151,117,253,117,253,117,253,117,253,117,253,117,253,0,0,0,46,253,92,210,124,209,124,209,62,208,102,208,101,209,108,209,1,211,93,253,77,226,14,254,240,49,0,4,4,0,40,0,1,0,255,0,4,255,0,8,5,0,0,0,15,31,51,31,17,21,25,1,17,12,33,145,23,3,0,182,146,0,0,0,255,0,0,1,18,0,0,2,1,9,2,185,210,0,2,0,255,64,255,255,0,57,92,0,0,0,0,0,0,0,0,0,0,0,0,0,0,0,46,218,139,219
152,3,1,77,226,4,0,0,210,0,0,220,0,4,1,0,50,185,117,253,117,253,117,253,117,253,117,253,117,253,0,0,0,46,253,92,210,124,209,124,209,62,208,102,208,101,209,108,209,1,211,93,253,77,226,14,254,240,48,0,4,4,0,40,0,1,0,255,0,4,255,0,8,5,0,0,0,15,31,51,31,17,21,25,1,17,12,33,145,23,3,0,182,146,0,0,0,255,0,0,1,18,0,0,2,1,9,2,185,210,0,2,0,127,64,255,255,0,57,92,0,0,0,0,0,0,0,0,0,0,0,0,0,0,0,46,218,139,219
153,12,1,77,226,4,0,0,210,0,0,221,0,4,1,0,26,203,117,253,117,253,117,253,117,253,117,253,117,253,0,0,0,46,253,92,210,124,209,124,209,62,208,102,208,101,209,108,209,1,211,93,253,77,226,14,254,240,48,0,4,4,0,40,0,1,0,255,0,4,255,0,8,5,0,0,0,15,31,51,31,17,21,25,1,17,12,33,145,23,3,0,182,146,0,0,0,255,0,0,1,18,0,0,2,1,9,2,185,210,0,2,0,191,64,255,255,0,57,92,0,0,0,0,0,0,0,0,0,0,0,0,0,0,0,46,218,139,219
154,6,1,77,226,4,0,0,210,0,0,222,0,4,1,0,226,93,117,253,117,253,117,253,117,253,117,253,117,253,0,0,0,46,253,92,210,124,209,124,209,62,208,102,208,101,209,108,209,1,211,93,253,77,226,14,254,240,48,0,4,4,0,40,0,1,0,255,0,4,255,0,8,5,0,0,0,15,31,51,31,17,21,25,1,17,12,33,145,23,3,0,182,146,0,0,0,255,0,0,1,18,0,0,2,1,9,2,185,210,0,2,0,111,64,255,255,0,57,92,0,0,0,0,0,0,0,0,0,0,0,0,0,0,0,46,218,139,219
155,8,1,77,226,4,0,0,210,0,0,223,0,4,1,0,101,230,117,253,117,253,117,253,117,253,117,253,117,253,0,0,0,46,253,92,210,124,209,124,209,62,208,102,208,101,209,108,209,1,211,93,253,77,226,14,254,240,48,0,4,4,0,40,0,1,0,255,0,4,255,0,8,5,0,0,0,15,31,51,31,17,21,25,1,17,12,33,145,23,3,0,182,146,0,0,0,255,0,0,1,18,0,0,2,1,9,2,185,210,0,2,0,95,64,255,255,0,57,92,0,0,0,0,0,0,0,0,0,0,0,0,0,0,0,46,218,139,219
156,11,1,77,226,4,0,0,210,0,0,224,0,4,1,0,235,42,117,253,117,253,117,253,117,253,117,253,117,253,0,0,0,46,253,104,210,124,209,124,209,62,208,102,208,100,209,107,209,4,211,152,253,77,226,14,254,240,47,0,4,4,0,40,0,1,0,255,0,4,255,0,8,6,0,0,0,15,31,51,31,17,21,25,1,17,12,33,145,23,3,0,182,146,0,0,0,255,0,0,1,18,0,0,2,1,9,2,185,210,0,2,0,127,64,255,255,0,57,92,0,0,0,0,0,0,0,0,0,0,0,0,0,0,0,46,218,139,219
157,15,1,77,226,4,0,0,210,0,0,225,0,4,1,0,114,127,117,253,117,253,117,253,117,253,117,253,117,253,0,0,0,46,253,104,210,124,209,124,209,62,208,102,208,100,209,107,209,4,211,152,253,77,226,14,254,240,47,0,4,4,0,40,0,1,0,255,0,4,255,0,8,6,0,0,0,15,31,51,31,17,21,25,1,17,12,33,145,23,3,0,182,146,0,0,0,255,0,0,1,18,0,0,2,1,9,2,185,210,0,2,0,175,64,255,255,0,57,92,0,0,0,0,0,0,0,0,0,0,0,0,0,0,0,46,218,139,219
158,5,1,77,225,4,0,0,210,0,-1,226,0,4,1,0,213,129,117,253,117,253,117,253,117,253,117,253,117,253,0,0,0,46,253,104,210,124,209,124,209,62,208,102,208,100,209,107,209,4,211,152,253,77,225,14,254,240,47,0,4,4,0,40,10,1,0,255,0,4,255,0,8,6,0,0,0,15,31,51,31,17,21,25,1,17,12,33,145,23,3,0,182,146,0,0,0,255,0,0,1,18,0,0,2,1,9,2,185,210,0,2,0,223,64,255,255,0,57,92,0,0,0,0,0,0,0,0,0,0,0,0,0,0,0,46,218,139,219
159,6,1,77,225,4,0,0,210,0,0,227,0,4,1,0,187,130,117,253,117,253,117,253,117,253,117,253,117,253,0,0,0,46,253,104,210,124,209,124,209,62,208,102,208,100,209,107,209,4,211,152,253,77,225,14,254,240,47,0,4,4,0,40,10,1,0,255,0,4,255,0,8,6,0,0,0,15,31,51,31,17,21,25,1,17,12,33,145,23,3,0,182,146,0,0,0,255,0,0,1,18,0,0,2,1,9,2,185,210,0,2,0,111,64,255,255,0,57,92,0,0,0,0,0,0,0,0,0,0,0,0,0,0,0,46,218,139,219
160,1,1,77,225,4,0,0,210,0,0,228,0,4,1,0,129,135,117,253,117,253,117,253,117,253,117,253,117,253,0,0,0,46,253,104,210,124,209,124,209,82,208,102,208,100,209,107,209,4,211,152,253,77,225,14,254,240,46,0,4,4,0,40,0,1,0,255,0,4,255,0,8,6,0,0,0,15,31,51,31,17,21,25,1,17,12,33,145,23,3,0,182,146,0,0,0,255,0,0,1,18,0,0,2,1,9,2,185,210,0,2,0,255,64,255,255,0,57,92,0,0,0,0,0,0,0,0,0,0,0,0,0,0,0,46,218,139,219
161,5,1,77,224,4,0,0,210,0,-1,229,0,4,1,0,71,136,117,253,117,253,117,253,117,253,117,253,117,253,0,0,0,46,253,104,210,124,209,124,209,62,208,102,208,100,209,107,209,4,211,152,253,77,224,14,254,240,46,0,4,4,0,40,10,1,0,255,0,4,255,0,8,6,0,0,0,15,31,51,31,17,21,25,1,17,12,33,145,23,3,0,182,146,0,0,0,255,0,0,1,18,0,0,2,1,9,2,185,210,0,2,0,223,64,255,255,0,57,92,0,0,0,0,0,0,0,0,0,0,0,0,0,0,0,46,218,139,219
162,5,1,77,223,4,0,0,210,0,-1,230,0,4,1,0,21,152,117,253,117,253,117,253,117,253,117,253,117,253,0,0,0,46,253,104,210,124,209,124,209,82,208,102,208,100,209,107,209,4,211,152,253,77,223,14,254,240,46,0,4,4,0,40,10,1,0,255,0,4,255,0,8,6,0,0,0,15,31,51,31,17,21,25,1,17,12,33,145,23,3,0,182,146,0,0,0,255,0,0,1,18,0,0,2,1,9,2,185,210,0,2,0,223,64,255,255,0,57,92,0,0,0,0,0,0,0,0,0,0,0,0,0,0,0,46,218,139,219
163,10,1,77,224,4,0,0,210,0,1,231,0,4,1,0,251,168,117,253,117,253,117,253,117,253,117,253,117,253,0,0,0,46,253,104,210,124,209,124,209,82,208,102,208,100,209,107,209,4,211,152,253,77,224,14,254,240,46,0,4,4,0,24,10,1,0,255,0,4,255,0,8,6,0,0,0,15,31,51,31,17,21,25,1,17,12,33,145,23,3,0,182,146,0,0,0,255,0,0,1,18,0,0,2,1,9,2,185,210,0,2,0,239,64,255,255,0,57,92,0,0,0,0,0,0,0,0,0,0,0,0,0,0,0,46,218,139,219
164,16,1,77,224,4,0,0,210,0,0,232,0,4,1,0,65,249,117,253,117,253,117,253,117,253,117,253,117,253,0,0,0,46,253,116,210,124,209,124,209,62,208,102,208,101,209,108,209,3,211,93,253,77,224,14,254,240,45,0,4,4,0,24,10,1,0,255,0,4,255,0,8,7,0,0,0,15,31,51,31,17,21,25,1,17,12,33,145,23,3,0,182,146,0,0,0,255,0,0,1,18,0,0,2,1,9,2,185,210,0,2,0,95,64,255,255,0,57,92,0,0,0,0,0,0,0,0,0,0,0,0,0,0,0,46,218,139,219
165,8,1,77,224,4,0,0,210,0,0,233,0,4,1,0,7,11,117,253,117,253,117,253,117,253,117,253,117,253,0,0,0,46,253,116,210,124,209,124,209,62,208,102,208,101,209,108,209,3,211,93,253,77,224,14,254,240,45,0,4,4,0,24,10,1,0,255,0,4,255,0,8,7,0,0,0,15,31,51,31,17,21,25,1,17,12,33,145,23,3,0,182,146,0,0,0,255,0,0,1,18,0,0,2,1,9,2,185,210,0,2,0,95,64,255,255,0,57,92,0,0,0,0,0,0,0,0,0,0,0,0,0,0,0,46,218,139,219
166,3,1,77,224,4,0,0,210,0,0,234,0,4,1,0,214,29,117,253,117,253,117,253,117,253,117,253,117,253,0,0,0,46,253,116,210,124,209,124,209,62,208,102,208,101,209,108,209,3,211,93,253,77,224,14,254,240,45,0,4,4,0,24,10,1,0,255,0,4,255,0,8,7,0,0,0,15,31,51,31,17,21,25,1,17,12,33,145,23,3,0,182,146,0,0,0,255,0,0,1,18,0,0,2,1,9,2,185,210,0,2,0,127,64,255,255,0,57,92,0,0,0,0,0,0,0,0,0,0,0,0,0,0,0,46,218,139,219
167,14,1,77,224,4,0,0,210,0,0,235,0,4,1,0,185,38,117,253,117,253,117,253,117,253,117,253,117,253,0,0,0,46,253,116,210,124,209,124,209,62,208,102,208,101,209,108,209,3,211,93,253,77,224,14,254,240,45,0,4,4,0,24,10,1,0,255,0,4,255,0,8,7,0,0,0,15,31,51,31,17,21,25,1,17,12,33,145,23,3,0,182,146,0,0,0,255,0,0,1,18,0,0,2,1,9,2,185,210,0,2,0,111,64,255,255,0,57,92,0,0,0,0,0,0,0,0,0,0,0,0,0,0,0,46,218,139,219
168,5,1,77,223,4,0,0,210,0,-1,236,0,4,1,0,140,107,117,253,117,253,117,253,117,253,117,253,117,253,0,0,0,46,253,116,210,124,209,124,209,82,208,102,208,101,209,108,209,3,211,93,253,77,223,14,254,240,44,0,4,4,0,40,10,1,0,255,0,4,255,0,8,7,0,0,0,15,31,51,31,17,21,25,1,17,12,33,145,23,3,0,182,146,0,0,0,255,0,0,1,18,0,0,2,1,9,2,185,210,0,2,0,223,64,255,255,0,57,92,0,0,0,0,0,0,0,0,0,0,0,0,0,0,0,46,218,139,219
169,0,1,77,223,4,0,0,210,0,0,237,0,4,1,0,87,188,117,253,117,253,117,253,117,253,117,253,117,253,0,0,0,46,253,116,210,124,209,124,209,82,208,102,208,101,209,108,209,3,211,93,253,77,223,14,254,240,44,0,4,4,0,40,0,1,0,255,0,4,255,0,8,7,0,0,0,15,31,51,31,17,21,25,1,17,12,33,145,23,3,0,182,146,0,0,0,255,0,0,1,18,0,0,2,1,9,2,185,210,0,2,0,255,64,255,255,0,57,92,0,0,0,0,0,0,0,0,0,0,0,0,0,0,0,46,218,139,219
170,15,1,77,223,4,0,0,210,0,0,238,0,4,1,0,37,196,117,253,117,253,117,253,117,253,117,253,117,253,0,0,0,46,253,116,210,124,209,124,209,62,208,102,208,101,209,108,209,3,211,93,253,77,223,14,254,240,44,0,4,4,0,40,0,1,0,255,0,4,255,0,8,7,0,0,0,15,31,51,31,17,21,25,1,17,12,33,145,23,3,0,182,146,0,0,0,255,0,0,1,18,0,0,2,1,9,2,185,210,0,2,0,175,64,255,255,0,57,92,0,0,0,0,0,0,0,0,0,0,0,0,0,0,0,46,218,139,219
171,13,1,77,222,4,0,0,210,0,-1,239,0,4,1,0,43,76,117,253,117,253,117,253,117,253,117,253,117,253,0,0,0,46,253,116,210,124,209,124,209,62,208,102,208,101,209,108,209,3,211,93,253,77,222,14,254,240,44,0,4,4,0,40,10,1,0,255,0,4,255,0,8,7,0,0,0,15,31,51,31,17,21,25,1,17,12,33,145,23,3,0,182,146,0,0,0,255,0,0,1,18,0,0,2,1,9,2,185,210,0,2,0,223,64,255,255,0,57,92,0,0,0,0,0,0,0,0,0,0,0,0,0,0,0,46,218,139,219
172,16,1,77,222,4,0,0,210,0,0,240,0,4,1,0,50,212,117,253,117,253,117,253,117,253,117,253,117,253,0,0,0,46,253,129,210,124,209,124,209,62,208,102,208,100,209,107,209,2,211,152,253,77,222,14,254,240,43,0,4,4,0,40,10,1,0,255,0,4,255,0,0,8,0,0,0,15,31,51,31,17,21,25,1,17,12,33,145,23,3,0,182,146,0,0,0,255,0,0,1,18,0,0,2,1,9,2,185,210,0,2,0,95,64,255,255,0,57,92,0,0,0,0,0,0,0,0,0,0,0,0,0,0,0,46,218,139,219
173,9,1,77,222,4,0,0,210,0,0,241,0,4,1,0,26,124,117,253,117,253,117,253,117,253,117,253,117,253,0,0,0,46,253,129,210,124,209,124,209,62,208,102,208,100,209,107,209,2,211,152,253,77,222,14,254,240,43,0,4,4,0,40,10,1,0,255,0,4,255,0,0,8,0,0,0,15,31,51,31,17,21,25,1,17,12,33,145,23,3,0,182,146,0,0,0,255,0,0,1,18,0,0,2,1,9,2,185,210,0,2,0,159,64,255,255,0,57,92,0,0,0,0,0,0,0,0,0,0,0,0,0,0,0,46,218,139,219
174,11,1,77,222,4,0,0,210,0,0,242,0,4,1,0,237,132,117,253,117,253,117,253,117,253,117,253,117,253,0,0,0,46,253,129,210,124,209,124,209,62,208,102,208,100,209,107,209,2,211,152,253,77,222,14,254,240,43,0,4,4,0,40,10,1,0,255,0,4,255,0,0,8,0,0,0,15,31,51,31,17,21,25,1,17,12,33,145,23,3,0,182,146,0,0,0,255,0,0,1,18,0,0,2,1,9,2,185,210,0,2,0,127,64,255,255,0,57,92,0,0,0,0,0,0,0,0,0,0,0,0,0,0,0,46,218,139,219
175,12,1,77,222,4,0,0,210,0,0,243,0,4,1,0,115,141,117,253,117,253,117,253,117,253,117,253,117,253,0,0,0,46,253,129,210,124,209,124,209,62,208,102,208,100,209,107,209,2,211,152,253,77,222,14,254,240,43,0,4,4,0,40,10,1,0,255,0,4,255,0,0,8,0,0,0,15,31,51,31,17,21,25,1,17,12,33,145,23,3,0,182,146,0,0,0,255,0,0,1,18,0,0,2,1,9,2,185,210,0,2,0,191,64,255,255,0,57,92,0,0,0,0,0,0,0,0,0,0,0,0,0,0,0,46,218,139,219
176,8,1,77,222,4,0,0,210,0,0,244,0,4,1,0,217,151,117,253,117,253,117,253,117,253,117,253,117,253,0,0,0,46,253,129,210,124,209,124,209,82,208,102,208,100,209,107,209,2,211,152,253,77,222,14,254,240,42,0,4,4,0,40,10,1,0,255,0,4,255,0,0,8,0,0,0,15,31,51,31,17,21,25,1,17,12,33,145,23,3,0,182,146,0,0,0,255,0,0,1,18,0,0,2,1,9,2,185,210,0,2,0,95,64,255,255,0,57,92,0,0,0,0,0,0,0,0,0,0,0,0,0,0,0,46,218,139,219
177,4,1,77,222,4,0,0,210,0,0,245,0,4,1,0,175,184,117,253,117,253,117,253,117,253,117,253,117,253,0,0,0,46,253,129,210,124,209,124,209,82,208,102,208,100,209,107,209,2,211,152,253,77,222,14,254,240,42,0,4,4,0,40,10,1,0,255,0,4,255,0,0,8,0,0,0,15,31,51,31,17,21,25,1,17,12,33,145,23,3,0,182,146,0,0,0,255,0,0,1,18,0,0,2,1,9,2,185,210,0,2,0,191,64,255,255,0,57,92,0,0,0,0,0,0,0,0,0,0,0,0,0,0,0,46,218,139,219
178,17,1,77,222,4,0,0,210,0,0,246,0,4,1,0,141,201,117,253,117,253,117,253,117,253,117,253,117,253,0,0,0,46,253,129,210,124,209,124,209,82,208,102,208,100,209,107,209,2,211,152,253,77,222,14,254,240,42,0,4,4,0,40,10,1,0,255,0,4,255,0,0,8,0,0,0,15,31,51,31,17,21,25,1,17,12,33,145,23,3,0,182,146,0,0,0,255,0,0,1,18,0,0,2,1,9,2,185,210,0,2,0,159,64,255,255,0,57,92,0,0,0,0,0,0,0,0,0,0,0,0,0,0,0,46,218,139,219
179,0,1,77,222,4,0,0,210,0,0,247,0,4,1,0,83,90,117,253,117,253,117,253,117,253,117,253,117,253,0,0,0,46,253,129,210,124,209,124,209,82,208,102,208,100,209,107,209,2,211,152,253,77,222,14,254,240,42,0,4,4,0,40,0,1,0,255,0,4,255,0,0,8,0,0,0,15,31,51,31,17,21,25,1,17,12,33,145,23,3,0,182,146,0,0,0,255,0,0,1,18,0,0,2,1,9,2,185,210,0,2,0,255,64,255,255,0,57,92,0,0,0,0,0,0,0,0,0,0,0,0,0,0,0,46,218,139,219
180,14,1,77,222,4,0,0,210,0,0,248,0,4,1,0,58,238,117,253,117,253,117,253,117,253,117,253,117,253,0,0,0,46,253,116,210,124,209,124,209,62,208,102,208,101,209,108,209,1,211,93,253,77,222,14,254,240,41,0,4,4,0,40,0,1,0,255,0,4,255,0,0,9,0,0,0,15,31,51,31,17,21,25,1,17,12,33,145,23,3,0,182,146,0,0,0,255,0,0,1,18,0,0,2,1,9,2,185,210,0,2,0,111,64,255,255,0,57,92,0,0,0,0,0,0,0,0,0,0,0,0,0,0,0,46,218,139,219
181,2,1,77,223,4,0,0,210,0,1,249,0,4,1,0,2,50,117,253,117,253,117,253,117,253,117,253,117,253,0,0,0,46,253,116,210,124,209,124,209,62,208,102,208,101,209,108,209,1,211,93,253,77,223,14,254,240,41,0,4,4,0,24,10,1,0,255,0,4,255,0,0,9,0,0,0,15,31,51,31,17,21,25,1,17,12,33,145,23,3,0,182,146,0,0,0,255,0,0,1,18,0,0,2,1,9,2,185,210,0,2,0,239,64,255,255,0,57,92,0,0,0,0,0,0,0,0,0,0,0,0,0,0,0,46,218,139,219
182,10,1,77,224,4,0,0,210,0,1,250,0,4,1,0,197,86,117,253,117,253,117,253,117,253,117,253,117,253,0,0,0,46,253,116,210,124,209,124,209,62,208,102,208,101,209,108,209,1,211,93,253,77,224,14,254,240,41,0,4,4,0,24,10,1,0,255,0,4,255,0,0,9,0,0,0,15,31,51,31,17,21,25,1,17,12,33,145,23,3,0,182,146,0,0,0,255,0,0,1,18,0,0,2,1,9,2,185,210,0,2,0,239,64,255,255,0,57,92,0,0,0,0,0,0,0,0,0,0,0,0,0,0,0,46,218,139,219
183,1,1,77,224,4,0,0,210,0,0,251,0,4,1,0,136,251,117,253,117,253,117,253,117,253,117,253,117,253,0,0,0,46,253,116,210,124,209,124,209,62,208,102,208,101,209,108,209,1,211,93,253,77,224,14,254,240,41,0,4,4,0,24,0,1,0,255,0,4,255,0,0,9,0,0,0,15,31,51,31,17,21,25,1,17,12,33,145,23,3,0,182,146,0,0,0,255,0,0,1,18,0,0,2,1,9,2,185,210,0,2,0,255,64,255,255,0,57,92,0,0,0,0,0,0,0,0,0,0,0,0,0,0,0,46,218,139,219
184,17,1,77,224,4,0,0,210,0,0,252,0,4,1,0,92,12,117,253,117,253,117,253,117,253,117,253,117,253,0,0,0,46,253,116,210,124,209,124,209,62,208,102,208,101,209,108,209,1,211,93,253,77,224,14,254,240,40,0,4,4,0,24,0,1,0,255,0,4,255,0,0,9,0,0,0,15,31,51,31,17,21,25,1,17,12,33,145,23,3,0,182,146,0,0,0,255,0,0,1,18,0,0,2,1,9,2,185,210,0,2,0,159,64,255,255,0,57,92,0,0,0,0,0,0,0,0,0,0,0,0,0,0,0,46,218,139,219
185,8,1,77,224,4,0,0,210,0,0,253,0,4,1,0,39,20,117,253,117,253,117,253,117,253,117,253,117,253,0,0,0,46,253,116,210,124,209,124,209,62,208,102,208,101,209,108,209,1,211,93,253,77,224,14,254,240,40,0,4,4,0,24,0,1,0,255,0,4,255,0,0,9,0,0,0,15,31,51,31,17,21,25,1,17,12,33,145,23,3,0,182,146,0,0,0,255,0,0,1,18,0,0,2,1,9,2,185,210,0,2,0,95,64,255,255,0,57,92,0,0,0,0,0,0,0,0,0,0,0,0,0,0,0,46,218,139,219
186,4,1,77,224,4,0,0,210,0,0,254,0,4,1,0,54,60,117,253,117,253,117,253,117,253,117,253,117,253,0,0,0,46,253,116,210,124,209,124,209,62,208,102,208,101,209,108,209,1,211,93,253,77,224,14,254,240,40,0,4,4,0,24,0,1,0,255,0,4,255,0,0,9,0,0,0,15,31,51,31,17,21,25,1,17,12,33,145,23,3,0,182,146,0,0,0,255,0,0,1,18,0,0,2,1,9,2,185,210,0,2,0,191,64,255,255,0,57,92,0,0,0,0,0,0,0,0,0,0,0,0,0,0,0,46,218,139,219
187,7,1,77,224,4,0,0,210,0,0,255,0,4,1,0,25,68,117,253,117,253,117,253,117,253,117,253,117,253,0,0,0,46,253,116,210,124,209,124,209,62,208,102,208,101,209,108,209,1,211,93,253,77,224,14,254,240,40,0,4,4,0,24,0,1,0,255,0,4,255,0,0,9,0,0,0,15,31,51,31,17,21,25,1,17,12,33,145,23,3,0,182,146,0,0,0,255,0,0,1,18,0,0,2,1,9,2,185,210,0,2,0,175,64,255,255,0,57,92,0,0,0,0,0,0,0,0,0,0,0,0,0,0,0,46,218,139,219
188,15,1,77,224,4,0,0,210,0,0,0,1,4,1,0,236,204,117,253,117,253,117,253,117,253,117,253,117,253,0,0,0,46,253,104,210,124,209,124,209,62,208,102,208,232,209,117,253,4,211,152,253,77,224,14,254,240,39,0,4,4,0,24,0,1,0,255,0,4,255,0,0,10,0,0,0,15,31,51,31,17,21,25,1,17,12,33,145,23,3,0,182,146,36,0,0,255,0,0,1,18,0,0,2,1,9,2,185,210,0,2,0,175,64,255,255,1,57,92,0,0,0,0,0,0,0,0,0,0,0,0,0,0,0,46,218,139,219
189,11,1,77,224,4,0,0,210,0,0,1,0,4,1,0,112,85,117,253,117,253,117,253,117,253,117,253,117,253,0,0,0,46,253,104,210,124,209,124,209,62,208,102,208,232,209,117,253,4,211,152,253,77,224,14,254,240,39,0,4,4,0,24,0,1,0,255,0,4,255,0,0,10,0,0,0,15,31,51,31,17,21,25,1,17,12,33,145,23,3,0,182,146,35,0,0,255,0,0,1,18,0,0,2,1,9,2,185,210,0,2,0,127,64,255,255,1,57,92,0,0,0,0,0,0,0,0,0,0,0,0,0,0,0,46,218,139,219
190,9,1,77,224,4,0,0,210,0,0,2,0,4,1,0,211,255,117,253,117,253,117,253,117,253,117,253,117,253,0,0,0,46,253,104,210,124,209,124,209,62,208,102,208,232,209,117,253,4,211,152,253,77,224,14,254,240,39,0,4,4,0,24,0,1,0,255,0,4,255,0,0,10,0,0,0,15,31,51,31,17,21,25,1,17,12,33,145,23,3,0,182,146,34,0,0,255,0,0,1,18,0,0,2,1,9,2,185,210,0,2,0,159,64,255,255,1,57,92,0,0,0,0,0,0,0,0,0,0,0,0,0,0,0,46,218,139,219
191,11,1,77,224,4,0,0,210,0,0,3,0,4,1,0,185,0,117,253,117,253,117,253,117,253,117,253,117,253,0,0,0,46,253,104,210,124,209,124,209,62,208,102,208,232,209,117,253,4,211,152,253,77,224,14,254,240,39,0,4,4,0,24,0,1,0,255,0,4,255,0,0,10,0,0,0,15,31,51,31,17,21,25,1,17,12,33,145,23,3,0,182,146,33,0,0,255,0,0,1,18,0,0,2,1,9,2,185,210,0,2,0,127,64,255,255,1,57,92,0,0,0,0,0,0,0,0,0,0,0,0,0,0,0,46,218,139,219
192,4,1,77,224,4,0,0,210,0,0,4,0,4,1,0,140,1,117,253,117,253,117,253,117,253,117,253,117,253,0,0,0,46,253,104,210,124,209,124,209,62,208,102,208,232,209,117,253,4,211,152,253,77,224,14,254,240,38,0,4,4,0,24,0,1,0,255,0,4,255,0,0,10,0,0,0,15,31,51,31,17,21,25,1,17,12,33,145,23,3,0,182,146,32,0,0,255,0,0,1,18,0,0,2,1,9,2,185,210,0,2,0,191,64,255,255,1,57,92,0,0,0,0,0,0,0,0,0,0,0,0,0,0,0,46,218,139,219
193,9,1,77,224,4,0,0,210,0,0,5,0,4,1,0,87,2,117,253,117,253,117,253,117,253,117,253,117,253,0,0,0,46,253,104,210,124,209,124,209,62,208,102,208,232,209,117,253,4,211,152,253,77,224,14,254,240,38,0,4,4,0,24,0,1,0,255,0,4,255,0,0,10,0,0,0,15,31,51,31,17,21,25,1,17,12,33,145,23,3,0,182,146,31,0,0,255,0,0,1,18,0,0,2,1,9,2,185,210,0,2,0,159,64,255,255,1,57,92,0,0,0,0,0,0,0,0,0,0,0,0,0,0,0,46,218,139,219
194,12,1,77,224,4,0,0,210,0,0,6,0,4,1,0,38,6,117,253,117,253,117,253,117,253,117,253,117,253,0,0,0,46,253,104,210,124,209,124,209,62,208,102,208,232,209,117,253,4,211,152,253,77,224,14,254,240,38,0,4,4,0,24,0,1,0,255,0,4,255,0,0,10,0,0,0,15,31,51,31,17,21,25,1,17,12,33,145,23,3,0,182,146,30,0,0,255,0,0,1,18,0,0,2,1,9,2,185,210,0,2,0,191,64,255,255,1,57,92,0,0,0,0,0,0,0,0,0,0,0,0,0,0,0,46,218,139,219
195,13,1,77,223,4,0,0,210,0,-1,7,0,4,1,0,41,10,117,253,117,253,117,253,117,253,117,253,117,253,0,0,0,46,253,104,210,124,209,124,209,62,208,102,208,232,209,117,253,4,211,152,253,77,223,14,254,240,38,0,4,4,0,40,10,1,0,255,0,4,255,0,0,10,0,0,0,15,31,51,31,17,21,25,1,17,12,33,145,23,3,0,182,146,29,0,0,255,0,0,1,18,0,0,2,1,9,2,185,210,0,2,0,223,64,255,255,1,57,92,0,0,0,0,0,0,0,0,0,0,0,0,0,0,0,46,218,139,219
196,2,1,77,224,4,0,0,210,0,1,8,0,4,1,0,60,30,117,253,117,253,117,253,117,253,117,253,117,253,0,0,0,46,253,92,210,124,209,124,209,62,208,102,208,232,209,117,253,3,211,93,253,77,224,14,254,240,37,0,4,4,0,24,10,1,0,255,0,4,255,0,0,11,0,0,0,15,31,51,31,17,21,25,1,17,12,33,145,23,3,0,182,146,28,0,0,255,0,0,1,18,0,0,2,1,9,2,185,210,0,2,0,239,64,255,255,1,57,92,0,0,0,0,0,0,0,0,0,0,0,0,0,0,0,46,218,139,219
197,0,1,77,224,4,0,0,210,0,0,9,0,4,1,0,7,34,117,253,117,253,117,253,117,253,117,253,117,253,0,0,0,46,253,92,210,124,209,124,209,62,208,102,208,232,209,117,253,3,211,93,253,77,224,14,254,240,37,0,4,4,0,24,0,1,0,255,0,4,255,0,0,11,0,0,0,15,31,51,31,17,21,25,1,17,12,33,145,23,3,0,182,146,27,0,0,255,0,0,1,18,0,0,2,1,9,2,185,210,0,2,0,255,64,255,255,1,57,92,0,0,0,0,0,0,0,0,0,0,0,0,0,0,0,46,218,139,219
198,6,1,77,224,4,0,0,210,0,0,10,0,4,1,0,214,102,117,253,117,253,117,253,117,253,117,253,117,253,0,0,0,46,253,92,210,124,209,124,209,62,208,102,208,232,209,117,253,3,211,93,253,77,224,14,254,240,37,0,4,4,0,24,0,1,0,255,0,4,255,0,0,11,0,0,0,15,31,51,31,17,21,25,1,17,12,33,145,23,3,0,182,146,26,0,0,255,0,0,1,18,0,0,2,1,9,2,185,210,0,2,0,111,64,255,255,1,57,92,0,0,0,0,0,0,0,0,0,0,0,0,0,0,0,46,218,139,219
199,10,1,77,225,4,0,0,210,0,1,11,0,4,1,0,185,171,117,253,117,253,117,253,117,253,117,253,117,253,0,0,0,46,253,92,210,124,209,124,209,62,208,102,208,232,209,117,253,3,211,93,253,77,225,14,254,240,37,0,4,4,0,24,10,1,0,255,0,4,255,0,0,11,0,0,0,15,31,51,31,17,21,25,1,17,12,33,145,23,3,0,182,146,25,0,0,255,0,0,1,18,0,0,2,1,9,2,185,210,0,2,0,239,64,255,255,1,57,92,0,0,0,0,0,0,0,0,0,0,0,0,0,0,0,46,218,139,219
200,5,1,77,224,4,0,0,210,0,-1,12,0,4,1,0,143,252,117,253,117,253,117,253,117,253,117,253,117,253,0,0,0,46,253,92,210,124,209,124,209,82,208,102,208,232,209,117,253,3,211,93,253,77,224,14,254,240,36,0,4,4,0,40,10,1,0,255,0,4,255,0,0,11,0,0,0,15,31,51,31,17,21,25,1,17,12,33,145,23,3,0,182,146,24,0,0,255,0,0,1,18,0,0,2,1,9,2,185,210,0,2,0,223,64,255,255,1,57,92,0,0,0,0,0,0,0,0,0,0,0,0,0,0,0,46,218,139,219
201,7,1,77,224,4,0,0,210,0,0,13,0,4,1,0,109,5,117,253,117,253,117,253,117,253,117,253,117,253,0,0,0,46,253,92,210,124,209,124,209,82,208,102,208,232,209,117,253,3,211,93,253,77,224,14,254,240,36,0,4,4,0,40,10,1,0,255,0,4,255,0,0,11,0,0,0,15,31,51,31,17,21,25,1,17,12,33,145,23,3,0,182,146,23,0,0,255,0,0,1,18,0,0,2,1,9,2,185,210,0,2,0,175,64,255,255,1,57,92,0,0,0,0,0,0,0,0,0,0,0,0,0,0,0,46,218,139,219
202,7,1,77,224,4,0,0,210,0,0,14,0,4,1,0,240,15,117,253,117,253,117,253,117,253,117,253,117,253,0,0,0,46,253,92,210,124,209,124,209,82,208,102,208,232,209,117,253,3,211,93,253,77,224,14,254,240,36,0,4,4,0,40,10,1,0,255,0,4,255,0,0,11,0,0,0,15,31,51,31,17,21,25,1,17,12,33,145,23,3,0,182,146,22,0,0,255,0,0,1,18,0,0,2,1,9,2,185,210,0,2,0,175,64,255,255,1,57,92,0,0,0,0,0,0,0,0,0,0,0,0,0,0,0,46,218,139,219
203,14,1,77,224,4,0,0,210,0,0,15,0,4,1,0,83,16,117,253,117,253,117,253,117,253,117,253,117,253,0,0,0,46,253,92,210,124,209,124,209,82,208,102,208,232,209,117,253,3,211,93,253,77,224,14,254,240,36,0,4,4,0,40,10,1,0,255,0,4,255,0,0,11,0,0,0,15,31,51,31,17,21,25,1,17,12,33,145,23,3,0,182,146,21,0,0,255,0,0,1,18,0,0,2,1,9,2,185,210,0,2,0,111,64,255,255,1,57,92,0,0,0,0,0,0,0,0,0,0,0,0,0,0,0,46,218,139,219
204,12,1,77,224,4,0,0,210,0,0,16,0,4,1,0,58,48,117,253,117,253,117,253,117,253,117,253,117,253,0,0,0,46,253,80,210,124,209,124,209,62,208,102,208,232,209,117,253,2,211,152,253,77,224,14,254,240,35,0,4,4,0,40,10,1,0,255,0,4,255,0,0,12,0,0,0,15,31,51,31,17,21,25,1,17,12,33,145,23,3,0,182,146,20,0,0,255,0,0,1,18,0,0,2,1,9,2,185,210,0,2,0,191,64,255,255,1,57,92,0,0,0,0,0,0,0,0,0,0,0,0,0,0,0,46,218,139,219
205,13,1,77,223,4,0,0,210,0,-1,17,0,4,1,0,13,80,117,253,117,253,117,253,117,253,117,253,117,253,0,0,0,46,253,80,210,124,209,124,209,62,208,102,208,232,209,117,253,2,211,152,253,77,223,14,254,240,35,0,4,4,0,40,10,1,0,255,0,4,255,0,0,12,0,0,0,15,31,51,31,17,21,25,1,17,12,33,145,23,3,0,182,146,19,0,0,255,0,0,1,18,0,0,2,1,9,2,185,210,0,2,0,223,64,255,255,1,57,92,0,0,0,0,0,0,0,0,0,0,0,0,0,0,0,46,218,139,219
206,1,1,77,223,4,0,0,210,0,0,18,0,4,1,0,208,240,117,253,117,253,117,253,117,253,117,253,117,253,0,0,0,46,253,80,210,124,209,124,209,62,208,102,208,232,209,117,253,2,211,152,253,77,223,14,254,240,35,0,4,4,0,40,0,1,0,255,0,4,255,0,0,12,0,0,0,15,31,51,31,17,21,25,1,17,12,33,145,23,3,0,182,146,18,0,0,255,0,0,1,18,0,0,2,1,9,2,185,210,0,2,0,255,64,255,255,1,57,92,0,0,0,0,0,0,0,0,0,0,0,0,0,0,0,46,218,139,219
207,12,1,77,223,4,0,0,210,0,0,19,0,4,1,0,180,17,117,253,117,253,117,253,117,253,117,253,117,253,0,0,0,46,253,80,210,124,209,124,209,62,208,102,208,232,209,117,253,2,211,152,253,77,223,14,254,240,35,0,4,4,0,40,0,1,0,255,0,4,255,0,0,12,0,0,0,15,31,51,31,17,21,25,1,17,12,33,145,23,3,0,182,146,17,0,0,255,0,0,1,18,0,0,2,1,9,2,185,210,0,2,0,191,64,255,255,1,57,92,0,0,0,0,0,0,0,0,0,0,0,0,0,0,0,46,218,139,219
208,13,1,77,222,4,0,0,210,0,-1,20,0,4,1,0,159,50,117,253,117,253,117,253,117,253,117,253,117,253,0,0,0,46,253,80,210,124,209,124,209,62,208,102,208,232,209,117,253,2,211,152,253,77,222,14,254,240,34,0,4,4,0,40,10,1,0,255,0,4,255,0,0,12,0,0,0,15,31,51,31,17,21,25,1,17,12,33,145,23,3,0,182,146,16,0,0,255,0,0,1,18,0,0,2,1,9,2,185,210,0,2,0,223,64,255,255,1,57,92,0,0,0,0,0,0,0,0,0,0,0,0,0,0,0,46,218,139,219
209,1,1,77,222,4,0,0,210,0,0,21,0,4,1,0,158,87,117,253,117,253,117,253,117,253,117,253,117,253,0,0,0,46,253,80,210,124,209,124,209,82,208,102,208,232,209,117,253,2,211,152,253,77,222,14,254,240,34,0,4,4,0,40,0,1,0,255,0,4,255,0,0,12,0,0,0,15,31,51,31,17,21,25,1,17,12,33,145,23,3,0,182,146,15,0,0,255,0,0,1,18,0,0,2,1,9,2,185,210,0,2,0,255,64,255,255,1,57,92,0,0,0,0,0,0,0,0,0,0,0,0,0,0,0,46,218,139,219
210,5,1,77,221,4,0,0,210,0,-1,22,0,4,1,0,97,248,117,253,117,253,117,253,117,253,117,253,117,253,0,0,0,46,253,80,210,124,209,124,209,62,208,102,208,232,209,117,253,2,211,152,253,77,221,14,254,240,34,0,4,4,0,40,10,1,0,255,0,4,255,0,0,12,0,0,0,15,31,51,31,17,21,25,1,17,12,33,145,23,3,0,182,146,14,0,0,255,0,0,1,18,0,0,2,1,9,2,185,210,0,2,0,223,64,255,255,1,57,92,0,0,0,0,0,0,0,0,0,0,0,0,0,0,0,46,218,139,219
211,14,1,77,221,4,0,0,210,0,0,23,0,4,1,0,231,8,117,253,117,253,117,253,117,253,117,253,117,253,0,0,0,46,253,80,210,124,209,124,209,82,208,102,208,232,209,117,253,2,211,152,253,77,221,14,254,240,34,0,4,4,0,40,10,1,0,255,0,4,255,0,0,12,0,0,0,15,31,51,31,17,21,25,1,17,12,33,145,23,3,0,182,146,13,0,0,255,0,0,1,18,0,0,2,1,9,2,185,210,0,2,0,111,64,255,255,1,57,92,0,0,0,0,0,0,0,0,0,0,0,0,0,0,0,46,218,139,219
212,2,1,77,222,4,0,0,210,0,1,24,0,4,1,0,118,25,117,253,117,253,117,253,117,253,117,253,117,253,0,0,0,46,253,68,210,124,209,124,209,62,208,102,208,232,209,117,253,1,211,93,253,77,222,14,254,240,33,0,4,4,0,24,10,1,0,255,0,4,255,0,0,13,0,0,0,15,31,51,31,17,21,25,1,17,12,33,145,23,3,0,182,146,12,0,0,255,0,0,1,18,0,0,2,1,9,2,185,210,0,2,0,239,64,255,255,1,57,92,0,0,0,0,0,0,0,0,0,0,0,0,0,0,0,46,218,139,219
213,8,1,77,222,4,0,0,210,0,0,25,0,4,1,0,217,43,117,253,117,253,117,253,117,253,117,253,117,253,0,0,0,46,253,68,210,124,209,124,209,62,208,102,208,232,209,117,253,1,211,93,253,77,222,14,254,240,33,0,4,4,0,24,10,1,0,255,0,4,255,0,0,13,0,0,0,15,31,51,31,17,21,25,1,17,12,33,145,23,3,0,182,146,11,0,0,255,0,0,1,18,0,0,2,1,9,2,185,210,0,2,0,95,64,255,255,1,57,92,0,0,0,0,0,0,0,0,0,0,0,0,0,0,0,46,218,139,219
214,5,1,77,221,4,0,0,210,0,-1,26,0,4,1,0,172,124,117,253,117,253,117,253,117,253,117,253,117,253,0,0,0,46,253,68,210,124,209,124,209,62,208,102,208,232,209,117,253,1,211,93,253,77,221,14,254,240,33,0,4,4,0,40,10,1,0,255,0,4,255,0,0,13,0,0,0,15,31,51,31,17,21,25,1,17,12,33,145,23,3,0,182,146,10,0,0,255,0,0,1,18,0,0,2,1,9,2,185,210,0,2,0,223,64,255,255,1,57,92,0,0,0,0,0,0,0,0,0,0,0,0,0,0,0,46,218,139,219
215,14,1,77,221,4,0,0,210,0,0,27,0,4,1,0,183,133,117,253,117,253,117,253,117,253,117,253,117,253,0,0,0,46,253,68,210,124,209,124,209,62,208,102,208,232,209,117,253,1,211,93,253,77,221,14,254,240,33,0,4,4,0,40,10,1,0,255,0,4,255,0,0,13,0,0,0,15,31,51,31,17,21,25,1,17,12,33,145,23,3,0,182,146,9,0,0,255,0,0,1,18,0,0,2,1,9,2,185,210,0,2,0,111,64,255,255,1,57,92,0,0,0,0,0,0,0,0,0,0,0,0,0,0,0,46,218,139,219
216,16,1,77,221,4,0,0,210,0,0,28,0,4,1,0,133,142,117,253,117,253,117,253,117,253,117,253,117,253,0,0,0,46,253,68,210,124,209,124,209,82,208,102,208,232,209,117,253,1,211,93,253,77,221,14,254,240,32,0,4,4,0,40,10,1,0,255,0,4,255,0,0,13,0,0,0,15,31,51,31,17,21,25,1,17,12,33,145,23,3,0,182,146,8,0,0,255,0,0,1,18,0,0,2,1,9,2,185,210,0,2,0,95,64,255,255,1,57,92,0,0,0,0,0,0,0,0,0,0,0,0,0,0,0,46,218,139,219
217,15,1,77,221,4,0,0,210,0,0,29,0,4,1,0,75,147,117,253,117,253,117,253,117,253,117,253,117,253,0,0,0,46,253,68,210,124,209,124,209,82,208,102,208,232,209,117,253,1,211,93,253,77,221,14,254,240,32,0,4,4,0,40,10,1,0,255,0,4,255,0,0,13,0,0,0,15,31,51,31,17,21,25,1,17,12,33,145,23,3,0,182,146,7,0,0,255,0,0,1,18,0,0,2,1,9,2,185,210,0,2,0,175,64,255,255,1,57,92,0,0,0,0,0,0,0,0,0,0,0,0,0,0,0,46,218,139,219
218,17,1,77,221,4,0,0,210,0,0,30,0,4,1,0,17,181,117,253,117,253,117,253,117,253,117,253,117,253,0,0,0,46,253,68,210,124,209,124,209,82,208,102,208,232,209,117,253,1,211,93,253,77,221,14,254,240,32,0,4,4,0,40,10,1,0,255,0,4,255,0,0,13,0,0,0,15,31,51,31,17,21,25,1,17,12,33,145,23,3,0,182,146,6,0,0,255,0,0,1,18,0,0,2,1,9,2,185,210,0,2,0,159,64,255,255,1,57,92,0,0,0,0,0,0,0,0,0,0,0,0,0,0,0,46,218,139,219
219,0,1,77,221,4,0,0,210,0,0,31,0,4,1,0,247,223,117,253,117,253,117,253,117,253,117,253,117,253,0,0,0,46,253,68,210,124,209,124,209,82,208,102,208,232,209,117,253,1,211,93,253,77,221,14,254,240,32,0,4,4,0,40,0,1,0,255,0,4,255,0,0,13,0,0,0,15,31,51,31,17,21,25,1,17,12,33,145,23,3,0,182,146,5,0,0,255,0,0,1,18,0,0,2,1,9,2,185,210,0,2,0,255,64,255,255,1,57,92,0,0,0,0,0,0,0,0,0,0,0,0,0,0,0,46,218,139,219
220,1,1,77,221,4,0,0,210,0,0,32,0,4,1,0,69,96,117,253,117,253,117,253,117,253,117,253,117,253,0,0,0,46,253,56,210,124,209,124,209,62,208,102,208,232,209,117,253,4,211,152,253,77,221,14,254,240,31,0,4,4,0,40,0,1,0,255,0,4,255,0,0,14,0,0,0,15,31,51,31,17,21,25,1,17,12,33,145,23,3,0,182,146,4,0,0,255,0,0,1,18,0,0,2,1,9,2,185,210,0,2,0,255,64,255,255,1,57,92,0,0,0,0,0,0,0,0,0,0,0,0,0,0,0,46,218,139,219
221,15,1,77,221,4,0,0,210,0,0,33,0,4,1,0,8,160,117,253,117,253,117,253,117,253,117,253,117,253,0,0,0,46,253,56,210,124,209,124,209,62,208,102,208,232,209,117,253,4,211,152,253,77,221,14,254,240,31,0,4,4,0,40,0,1,0,255,0,4,255,0,0,14,0,0,0,15,31,51,31,17,21,25,1,17,12,33,145,23,3,0,182,146,3,0,0,255,0,0,1,18,0,0,2,1,9,2,185,210,0,2,0,175,64,255,255,1,57,92,0,0,0,0,0,0,0,0,0,0,0,0,0,0,0,46,218,139,219
222,10,1,77,222,4,0,0,210,0,1,34,0,4,1,0,220,224,117,253,117,253,117,253,117,253,117,253,117,253,0,0,0,46,253,56,210,124,209,124,209,62,208,102,208,232,209,117,253,4,211,152,253,77,222,14,254,240,31,0,4,4,0,24,10,1,0,255,0,4,255,0,0,14,0,0,0,15,31,51,31,17,21,25,1,17,12,33,145,23,3,0,182,146,2,0,0,255,0,0,1,18,0,0,2,1,9,2,185,210,0,2,0,239,64,255,255,1,57,92,0,0,0,0,0,0,0,0,0,0,0,0,0,0,0,46,218,139,219
223,9,1,77,222,4,0,0,210,0,0,35,0,4,1,0,160,33,117,253,117,253,117,253,117,253,117,253,117,253,0,0,0,46,253,56,210,124,209,124,209,62,208,102,208,232,209,117,253,4,211,152,253,77,222,14,254,240,31,0,4,4,0,24,10,1,0,255,0,4,255,0,0,14,0,0,0,15,31,51,31,17,21,25,1,17,12,33,145,23,3,0,182,146,1,0,0,255,0,0,1,18,0,0,2,1,9,2,185,210,0,2,0,159,64,255,255,1,57,92,0,0,0,0,0,0,0,0,0,0,0,0,0,0,0,46,218,139,219
224,14,1,77,222,4,0,0,210,0,0,36,0,4,1,0,163,98,117,253,117,253,117,253,117,253,117,253,117,253,0,0,0,46,253,56,210,124,209,124,209,82,208,102,208,100,209,107,209,4,211,152,253,77,222,14,254,240,30,0,4,4,0,24,10,1,0,255,0,4,255,0,0,14,0,0,0,15,31,51,31,17,21,25,1,17,12,33,145,23,3,0,182,146,0,0,0,255,0,0,1,18,0,0,2,1,9,2,185,210,0,2,0,111,64,255,255,1,57,92,0,0,0,0,0,0,0,0,0,0,0,0,0,0,0,46,218,139,219
225,1,1,77,222,4,0,0,210,0,0,37,0,4,1,0,170,167,117,253,117,253,117,253,117,253,117,253,117,253,0,0,0,46,253,56,210,124,209,124,209,82,208,102,208,100,209,107,209,4,211,152,253,77,222,14,254,240,30,0,4,4,0,24,0,1,0,255,0,4,255,0,0,14,0,0,0,15,31,51,31,17,21,25,1,17,12,33,145,23,3,0,182,146,0,0,0,255,0,0,1,18,0,0,2,1,9,2,185,210,0,2,0,255,64,255,255,1,57,92,0,0,0,0,0,0,0,0,0,0,0,0,0,0,0,46,218,139,219
226,13,1,77,221,4,0,0,210,0,-1,38,0,4,1,0,178,232,117,253,117,253,117,253,117,253,117,253,117,253,0,0,0,46,253,56,210,124,209,124,209,62,208,102,208,100,209,107,209,4,211,152,253,77,221,14,254,240,30,0,4,4,0,40,10,1,0,255,0,4,255,0,0,14,0,0,0,15,31,51,31,17,21,25,1,17,12,33,145,23,3,0,182,146,0,0,0,255,0,0,1,18,0,0,2,1,9,2,185,210,0,2,0,223,64,255,255,1,57,92,0,0,0,0,0,0,0,0,0,0,0,0,0,0,0,46,218,139,219
227,6,1,77,221,4,0,0,210,0,0,39,0,4,1,0,154,57,117,253,117,253,117,253,117,253,117,253,117,253,0,0,0,46,253,56,210,124,209,124,209,82,208,102,208,100,209,107,209,4,211,152,253,77,221,14,254,240,30,0,4,4,0,40,10,1,0,255,0,4,255,0,0,14,0,0,0,15,31,51,31,17,21,25,1,17,12,33,145,23,3,0,182,146,0,0,0,255,0,0,1,18,0,0,2,1,9,2,185,210,0,2,0,111,64,255,255,1,57,92,0,0,0,0,0,0,0,0,0,0,0,0,0,0,0,46,218,139,219
228,17,1,77,221,4,0,0,210,0,0,40,0,4,1,0,109,74,117,253,117,253,117,253,117,253,117,253,117,253,0,0,0,46,253,40,210,124,209,124,209,62,208,102,208,101,209,108,209,3,211,93,253,77,221,14,254,240,29,0,4,4,0,40,10,1,0,255,0,4,255,0,0,15,0,0,0,15,31,51,31,17,21,25,1,17,12,33,145,23,3,0,182,146,0,0,0,255,0,0,1,18,0,0,2,1,9,2,185,210,0,2,0,159,64,255,255,1,57,92,0,0,0,0,0,0,0,0,0,0,0,0,0,0,0,46,218,139,219
229,2,1,77,222,4,0,0,210,0,1,41,0,4,1,0,240,222,117,253,117,253,117,253,117,253,117,253,117,253,0,0,0,46,253,40,210,124,209,124,209,62,208,102,208,101,209,108,209,3,211,93,253,77,222,14,254,240,29,0,4,4,0,24,10,1,0,255,0,4,255,0,0,15,0,0,0,15,31,51,31,17,21,25,1,17,12,33,145,23,3,0,182,146,0,0,0,255,0,0,1,18,0,0,2,1,9,2,185,210,0,2,0,239,64,255,255,1,57,92,0,0,0,0,0,0,0,0,0,0,0,0,0,0,0,46,218,139,219
230,4,1,77,222,4,0,0,210,0,0,42,0,4,1,0,84,99,117,253,117,253,117,253,117,253,117,253,117,253,0,0,0,46,253,40,210,124,209,124,209,62,208,102,208,101,209,108,209,3,211,93,253,77,222,14,254,240,29,0,4,4,0,24,10,1,0,255,0,4,255,0,0,15,0,0,0,15,31,51,31,17,21,25,1,17,12,33,145,23,3,0,182,146,0,0,0,255,0,0,1,18,0,0,2,1,9,2,185,210,0,2,0,191,64,255,255,1,57,92,0,0,0,0,0,0,0,0,0,0,0,0,0,0,0,46,218,139,219
231,0,1,77,222,4,0,0,210,0,0,43,0,4,1,0,63,165,117,253,117,253,117,253,117,253,117,253,117,253,0,0,0,46,253,40,210,124,209,124,209,62,208,102,208,101,209,108,209,3,211,93,253,77,222,14,254,240,29,0,4,4,0,24,0,1,0,255,0,4,255,0,0,15,0,0,0,15,31,51,31,17,21,25,1,17,12,33,145,23,3,0,182,146,0,0,0,255,0,0,1,18,0,0,2,1,9,2,185,210,0,2,0,255,64,255,255,1,57,92,0,0,0,0,0,0,0,0,0,0,0,0,0,0,0,46,218,139,219
232,12,1,77,222,4,0,0,210,0,0,44,0,4,1,0,125,239,117,253,117,253,117,253,117,253,117,253,117,253,0,0,0,46,253,40,210,124,209,124,209,62,208,102,208,101,209,108,209,3,211,93,253,77,222,14,254,240,28,0,4,4,0,24,0,1,0,255,0,4,255,0,0,15,0,0,0,15,31,51,31,17,21,25,1,17,12,33,145,23,3,0,182,146,0,0,0,255,0,0,1,18,0,0,2,1,9,2,185,210,0,2,0,191,64,255,255,1,57,92,0,0,0,0,0,0,0,0,0,0,0,0,0,0,0,46,218,139,219
233,13,1,77,221,4,0,0,210,0,-1,45,0,4,1,0,195,49,117,253,117,253,117,253,117,253,117,253,117,253,0,0,0,46,253,40,210,124,209,124,209,62,208,102,208,101,209,108,209,3,211,93,253,77,221,14,254,240,28,0,4,4,0,40,10,1,0,255,0,4,255,0,0,15,0,0,0,15,31,51,31,17,21,25,1,17,12,33,145,23,3,0,182,146,0,0,0,255,0,0,1,18,0,0,2,1,9,2,185,210,0,2,0,223,64,255,255,1,57,92,0,0,0,0,0,0,0,0,0,0,0,0,0,0,0,46,218,139,219
234,10,1,77,222,4,0,0,210,0,1,46,0,4,1,0,138,82,117,253,117,253,117,253,117,253,117,253,117,253,0,0,0,46,253,40,210,124,209,124,209,82,208,102,208,101,209,108,209,3,211,93,253,77,222,14,254,240,28,0,4,4,0,24,10,1,0,255,0,4,255,0,0,15,0,0,0,15,31,51,31,17,21,25,1,17,12,33,145,23,3,0,182,146,0,0,0,255,0,0,1,18,0,0,2,1,9,2,185,210,0,2,0,239,64,255,255,1,57,92,0,0,0,0,0,0,0,0,0,0,0,0,0,0,0,46,218,139,219
235,0,1,77,222,4,0,0,210,0,0,47,0,4,1,0,93,247,117,253,117,253,117,253,117,253,117,253,117,253,0,0,0,46,253,40,210,124,209,124,209,82,208,102,208,101,209,108,209,3,211,93,253,77,222,14,254,240,28,0,4,4,0,24,0,1,0,255,0,4,255,0,0,15,0,0,0,15,31,51,31,17,21,25,1,17,12,33,145,23,3,0,182,146,0,0,0,255,0,0,1,18,0,0,2,1,9,2,185,210,0,2,0,255,64,255,255,1,57,92,0,0,0,0,0,0,0,0,0,0,0,0,0,0,0,46,218,139,219
236,6,1,77,222,4,0,0,210,0,0,48,0,4,1,0,35,25,117,253,117,253,117,253,117,253,117,253,117,253,0,0,0,46,253,23,210,124,209,124,209,62,208,102,208,100,209,107,209,2,211,152,253,77,222,14,254,240,27,0,4,4,0,24,0,1,0,255,0,4,255,0,8,0,0,0,0,15,31,51,31,17,21,25,1,17,12,33,145,23,3,0,182,146,0,0,0,255,0,0,1,18,0,0,2,1,9,2,185,210,0,2,0,111,64,255,255,1,57,92,0,0,0,0,0,0,0,0,0,0,0,0,0,0,0,46,218,139,219
237,0,1,77,222,4,0,0,210,0,0,49,0,4,1,0,42,43,117,253,117,253,117,253,117,253,117,253,117,253,0,0,0,46,253,23,210,124,209,124,209,62,208,102,208,100,209,107,209,2,211,152,253,77,222,14,254,240,27,0,4,4,0,24,0,1,0,255,0,4,255,0,8,0,0,0,0,15,31,51,31,17,21,25,1,17,12,33,145,23,3,0,182,146,0,0,0,255,0,0,1,18,0,0,2,1,9,2,185,210,0,2,0,255,64,255,255,1,57,92,0,0,0,0,0,0,0,0,0,0,0,0,0,0,0,46,218,139,219
238,0,1,77,222,4,0,0,210,0,0,50,0,4,1,0,61,125,117,253,117,253,117,253,117,253,117,253,117,253,0,0,0,46,253,23,210,124,209,124,209,62,208,102,208,100,209,107,209,2,211,152,253,77,222,14,254,240,27,0,4,4,0,24,0,1,0,255,0,4,255,0,8,0,0,0,0,15,31,51,31,17,21,25,1,17,12,33,145,23,3,0,182,146,0,0,0,255,0,0,1,18,0,0,2,1,9,2,185,210,0,2,0,255,64,255,255,1,57,92,0,0,0,0,0,0,0,0,0,0,0,0,0,0,0,46,218,139,219
239,16,1,77,222,4,0,0,210,0,0,51,0,4,1,0,0,135,117,253,117,253,117,253,117,253,117,253,117,253,0,0,0,46,253,23,210,124,209,124,209,62,208,102,208,100,209,107,209,2,211,152,253,77,222,14,254,240,27,0,4,4,0,24,0,1,0,255,0,4,255,0,8,0,0,0,0,15,31,51,31,17,21,25,1,17,12,33,145,23,3,0,182,146,0,0,0,255,0,0,1,18,0,0,2,1,9,2,185,210,0,2,0,95,64,255,255,1,57,92,0,0,0,0,0,0,0,0,0,0,0,0,0,0,0,46,218,139,219
240,3,1,77,222,4,0,0,210,0,0,52,0,4,1,0,196,137,117,253,117,253,117,253,117,253,117,253,117,253,0,0,0,46,253,23,210,124,209,124,209,62,208,102,208,100,209,107,209,2,211,152,253,77,222,14,254,240,26,0,4,4,0,24,0,1,0,255,0,4,255,0,8,0,0,0,0,15,31,51,31,17,21,25,1,17,12,33,145,23,3,0,182,146,0,0,0,255,0,0,1,18,0,0,2,1,9,2,185,210,0,2,0,127,64,255,255,1,57,92,0,0,0,0,0,0,0,0,0,0,0,0,0,0,0,46,218,139,219
241,6,1,77,222,4,0,0,210,0,0,53,0,4,1,0,136,154,117,253,117,253,117,253,117,253,117,253,117,253,0,0,0,46,253,23,210,124,209,124,209,62,208,102,208,100,209,107,209,2,211,152,253,77,222,14,254,240,26,0,4,4,0,24,0,1,0,255,0,4,255,0,8,0,0,0,0,15,31,51,31,17,21,25,1,17,12,33,145,23,3,0,182,146,0,0,0,255,0,0,1,18,0,0,2,1,9,2,185,210,0,2,0,111,64,255,255,1,57,92,0,0,0,0,0,0,0,0,0,0,0,0,0,0,0,46,218,139,219
242,3,1,77,222,4,0,0,210,0,0,54,0,4,1,0,92,175,117,253,117,253,117,253,117,253,117,253,117,253,0,0,0,46,253,23,210,124,209,124,209,62,208,102,208,100,209,107,209,2,211,152,253,77,222,14,254,240,26,0,4,4,0,24,0,1,0,255,0,4,255,0,8,0,0,0,0,15,31,51,31,17,21,25,1,17,12,33,145,23,3,0,182,146,0,0,0,255,0,0,1,18,0,0,2,1,9,2,185,210,0,2,0,127,64,255,255,1,57,92,0,0,0,0,0,0,0,0,0,0,0,0,0,0,0,46,218,139,219
243,6,1,77,222,4,0,0,210,0,0,55,0,4,1,0,32,241,117,253,117,253,117,253,117,253,117,253,117,253,0,0,0,46,253,23,210,124,209,124,209,62,208,102,208,100,209,107,209,2,211,152,253,77,222,14,254,240,26,0,4,4,0,24,0,1,0,255,0,4,255,0,8,0,0,0,0,15,31,51,31,17,21,25,1,17,12,33,145,23,3,0,182,146,0,0,0,255,0,0,1,18,0,0,2,1,9,2,185,210,0,2,0,111,64,255,255,1,57,92,0,0,0,0,0,0,0,0,0,0,0,0,0,0,0,46,218,139,219
244,9,1,77,222,4,0,0,210,0,0,56,0,4,1,0,36,19,117,253,117,253,117,253,117,253,117,253,117,253,0,0,0,46,253,40,210,124,209,124,209,62,208,102,208,101,209,108,209,1,211,93,253,77,222,14,254,240,25,0,4,4,0,24,0,1,0,255,0,4,255,0,8,1,0,0,0,15,31,51,31,17,21,25,1,17,12,33,145,23,3,0,182,146,0,0,0,255,0,0,1,18,0,0,2,1,9,2,185,210,0,2,0,159,64,255,255,1,57,92,0,0,0,0,0,0,0,0,0,0,0,0,0,0,0,46,218,139,219
245,8,1,77,222,4,0,0,210,0,0,57,0,4,1,0,47,53,117,253,117,253,117,253,117,253,117,253,117,253,0,0,0,46,253,40,210,124,209,124,209,62,208,102,208,101,209,108,209,1,211,93,253,77,222,14,254,240,25,0,4,4,0,24,0,1,0,255,0,4,255,0,8,1,0,0,0,15,31,51,31,17,21,25,1,17,12,33,145,23,3,0,182,146,0,0,0,255,0,0,1,18,0,0,2,1,9,2,185,210,0,2,0,95,64,255,255,1,57,92,0,0,0,0,0,0,0,0,0,0,0,0,0,0,0,46,218,139,219
246,5,1,77,221,4,0,0,210,0,-1,58,0,4,1,0,14,95,117,253,117,253,117,253,117,253,117,253,117,253,0,0,0,46,253,40,210,124,209,124,209,62,208,102,208,101,209,108,209,1,211,93,253,77,221,14,254,240,25,0,4,4,0,40,10,1,0,255,0,4,255,0,8,1,0,0,0,15,31,51,31,17,21,25,1,17,12,33,145,23,3,0,182,146,0,0,0,255,0,0,1,18,0,0,2,1,9,2,185,210,0,2,0,223,64,255,255,1,57,92,0,0,0,0,0,0,0,0,0,0,0,0,0,0,0,46,218,139,219
247,3,1,77,221,4,0,0,210,0,0,59,0,4,1,0,209,225,117,253,117,253,117,253,117,253,117,253,117,253,0,0,0,46,253,40,210,124,209,124,209,62,208,102,208,101,209,108,209,1,211,93,253,77,221,14,254,240,25,0,4,4,0,40,10,1,0,255,0,4,255,0,8,1,0,0,0,15,31,51,31,17,21,25,1,17,12,33,145,23,3,0,182,146,0,0,0,255,0,0,1,18,0,0,2,1,9,2,185,210,0,2,0,127,64,255,255,1,57,92,0,0,0,0,0,0,0,0,0,0,0,0,0,0,0,46,218,139,219
248,15,1,77,221,4,0,0,210,0,0,60,0,4,1,0,183,34,117,253,117,253,117,253,117,253,117,253,117,253,0,0,0,46,253,40,210,124,209,124,209,82,208,102,208,101,209,108,209,1,211,93,253,77,221,14,254,240,24,0,4,4,0,40,10,1,0,255,0,4,255,0,8,1,0,0,0,15,31,51,31,17,21,25,1,17,12,33,145,23,3,0,182,146,0,0,0,255,0,0,1,18,0,0,2,1,9,2,185,210,0,2,0,175,64,255,255,1,57,92,0,0,0,0,0,0,0,0,0,0,0,0,0,0,0,46,218,139,219
249,12,1,77,221,4,0,0,210,0,0,61,0,4,1,0,134,103,117,253,117,253,117,253,117,253,117,253,117,253,0,0,0,46,253,40,210,124,209,124,209,82,208,102,208,101,209,108,209,1,211,93,253,77,221,14,254,240,24,0,4,4,0,40,10,1,0,255,0,4,255,0,8,1,0,0,0,15,31,51,31,17,21,25,1,17,12,33,145,23,3,0,182,146,0,0,0,255,0,0,1,18,0,0,2,1,9,2,185,210,0,2,0,191,64,255,255,1,57,92,0,0,0,0,0,0,0,0,0,0,0,0,0,0,0,46,218,139,219
250,2,1,77,222,4,0,0,210,0,1,62,0,4,1,0,73,168,117,253,117,253,117,253,117,253,117,253,117,253,0,0,0,46,253,40,210,124,209,124,209,82,208,102,208,101,209,108,209,1,211,93,253,77,222,14,254,240,24,0,4,4,0,24,10,1,0,255,0,4,255,0,8,1,0,0,0,15,31,51,31,17,21,25,1,17,12,33,145,23,3,0,182,146,0,0,0,255,0,0,1,18,0,0,2,1,9,2,185,210,0,2,0,239,64,255,255,1,57,92,0,0,0,0,0,0,0,0,0,0,0,0,0,0,0,46,218,139,219
251,0,1,77,222,4,0,0,210,0,0,63,0,4,1,0,31,248,117,253,117,253,117,253,117,253,117,253,117,253,0,0,0,46,253,40,210,124,209,124,209,82,208,102,208,101,209,108,209,1,211,93,253,77,222,14,254,240,24,0,4,4,0,24,0,1,0,255,0,4,255,0,8,1,0,0,0,15,31,51,31,17,21,25,1,17,12,33,145,23,3,0,182,146,0,0,0,255,0,0,1,18,0,0,2,1,9,2,185,210,0,2,0,255,64,255,255,1,57,92,0,0,0,0,0,0,0,0,0,0,0,0,0,0,0,46,218,139,219
252,8,1,77,222,4,0,0,210,0,0,64,0,4,1,0,29,8,117,253,117,253,117,253,117,253,117,253,117,253,0,0,0,46,253,56,210,124,209,124,209,62,208,102,208,100,209,107,209,4,211,152,253,77,222,14,254,240,23,0,4,4,0,24,0,1,0,255,0,4,255,0,8,2,0,0,0,15,31,51,31,17,21,25,1,17,12,33,145,23,3,0,182,146,0,0,0,255,0,0,1,18,0,0,2,1,9,2,185,210,0,2,0,95,64,255,255,1,57,92,0,0,0,0,0,0,0,0,0,0,0,0,0,0,0,46,218,139,219
253,14,1,77,222,4,0,0,210,0,0,65,0,4,1,0,224,24,117,253,117,253,117,253,117,253,117,253,117,253,0,0,0,46,253,56,210,124,209,124,209,62,208,102,208,100,209,107,209,4,211,152,253,77,222,14,254,240,23,0,4,4,0,24,0,1,0,255,0,4,255,0,8,2,0,0,0,15,31,51,31,17,21,25,1,17,12,33,145,23,3,0,182,146,0,0,0,255,0,0,1,18,0,0,2,1,9,2,185,210,0,2,0,111,64,255,255,1,57,92,0,0,0,0,0,0,0,0,0,0,0,0,0,0,0,46,218,139,219
254,3,1,77,222,4,0,0,210,0,0,66,0,4,1,0,99,41,117,253,117,253,117,253,117,253,117,253,117,253,0,0,0,46,253,56,210,124,209,124,209,62,208,102,208,100,209,107,209,4,211,152,253,77,222,14,254,240,23,0,4,4,0,24,0,1,0,255,0,4,255,0,8,2,0,0,0,15,31,51,31,17,21,25,1,17,12,33,145,23,3,0,182,146,0,0,0,255,0,0,1,18,0,0,2,1,9,2,185,210,0,2,0,127,64,255,255,1,57,92,0,0,0,0,0,0,0,0,0,0,0,0,0,0,0,46,218,139,219
255,8,1,77,222,4,0,0,210,0,0,67,0,4,1,0,234,123,117,253,117,253,117,253,117,253,117,253,117,253,0,0,0,46,253,56,210,124,209,124,209,62,208,102,208,100,209,107,209,4,211,152,253,77,222,14,254,240,23,0,4,4,0,24,0,1,0,255,0,4,255,0,8,2,0,0,0,15,31,51,31,17,21,25,1,17,12,33,145,23,3,0,182,146,0,0,0,255,0,0,1,18,0,0,2,1,9,2,185,210,0,2,0,95,64,255,255,1,57,92,0,0,0,0,0,0,0,0,0,0,0,0,0,0,0,46,218,139,219
256,4,1,77,222,4,0,0,210,0,0,68,0,4,1,0,125,140,117,253,117,253,117,253,117,253,117,253,117,253,0,0,0,46,253,56,210,124,209,124,209,62,208,102,208,100,209,107,209,4,211,152,253,77,222,14,254,240,22,0,4,4,0,24,0,1,0,255,0,4,255,0,8,2,0,0,0,15,31,51,31,17,21,25,1,17,12,33,145,23,3,0,182,146,0,0,0,255,0,0,1,18,0,0,2,1,9,2,185,210,0,2,0,191,64,255,255,1,57,92,0,0,0,0,0,0,0,0,0,0,0,0,0,0,0,46,218,139,219
257,16,1,77,222,4,0,0,210,0,0,69,0,4,1,0,195,148,117,253,117,253,117,253,117,253,117,253,117,253,0,0,0,46,253,56,210,124,209,124,209,62,208,102,208,100,209,107,209,4,211,152,253,77,222,14,254,240,22,0,4,4,0,24,0,1,0,255,0,4,255,0,8,2,0,0,0,15,31,51,31,17,21,25,1,17,12,33,145,23,3,0,182,146,0,0,0,255,0,0,1,18,0,0,2,1,9,2,185,210,0,2,0,95,64,255,255,1,57,92,0,0,0,0,0,0,0,0,0,0,0,0,0,0,0,46,218,139,219
258,11,1,77,222,4,0,0,210,0,0,70,0,4,1,0,137,189,117,253,117,253,117,253,117,253,117,253,117,253,0,0,0,46,253,56,210,124,209,124,209,62,208,102,208,100,209,107,209,4,211,152,253,77,222,14,254,240,22,0,4,4,0,24,0,1,0,255,0,4,255,0,8,2,0,0,0,15,31,51,31,17,21,25,1,17,12,33,145,23,3,0,182,146,0,0,0,255,0,0,1,18,0,0,2,1,9,2,185,210,0,2,0,127,64,255,255,1,57,92,0,0,0,0,0,0,0,0,0,0,0,0,0,0,0,46,218,139,219
259,3,1,77,222,4,0,0,210,0,0,71,0,4,1,0,95,198,117,253,117,253,117,253,117,253,117,253,117,253,0,0,0,46,253,56,210,124,209,124,209,62,208,102,208,100,209,107,209,4,211,152,253,77,222,14,254,240,22,0,4,4,0,24,0,1,0,255,0,4,255,0,8,2,0,0,0,15,31,51,31,17,21,25,1,17,12,33,145,23,3,0,182,146,0,0,0,255,0,0,1,18,0,0,2,1,9,2,185,210,0,2,0,127,64,255,255,1,57,92,0,0,0,0,0,0,0,0,0,0,0,0,0,0,0,46,218,139,219
260,4,1,77,222,4,0,0,210,0,0,72,0,4,1,0,221,74,117,253,117,253,117,253,117,253,117,253,117,253,0,0,0,46,253,56,210,124,209,124,209,62,208,102,208,101,209,108,209,3,211,93,253,77,222,14,254,240,22,0,4,4,8,24,0,1,0,255,0,4,255,0,8,14,0,0,0,15,31,51,31,17,21,25,1,17,12,33,145,23,3,0,182,146,0,0,0,255,0,0,1,18,0,0,2,1,9,2,185,210,0,2,0,191,64,255,255,1,57,92,0,0,0,0,0,0,0,0,0,0,0,0,0,0,0,46,218,139,219
261,8,1,77,222,4,0,0,210,0,0,73,0,4,1,0,160,223,117,253,117,253,117,253,117,253,117,253,117,253,0,0,0,46,253,56,210,124,209,124,209,62,208,102,208,101,209,108,209,3,211,93,253,77,222,14,254,240,22,0,4,4,8,24,0,1,0,255,0,4,255,0,8,14,0,0,0,15,31,51,31,17,21,25,1,17,12,33,145,23,3,0,182,146,0,0,0,255,0,0,1,18,0,0,2,1,9,2,185,210,0,2,0,95,64,255,255,1,57,92,0,0,0,0,0,0,0,0,0,0,0,0,0,0,0,46,218,139,219
262,0,1,77,222,4,0,0,210,0,0,74,0,4,1,0,164,96,117,253,117,253,117,253,117,253,117,253,117,253,0,0,0,46,253,56,210,124,209,124,209,62,208,102,208,101,209,108,209,3,211,93,253,77,222,14,254,240,22,0,4,4,8,24,0,1,0,255,0,4,255,0,8,14,0,0,0,15,31,51,31,17,21,25,1,17,12,33,145,23,3,0,182,146,0,0,0,255,0,0,1,18,0,0,2,1,9,2,185,210,0,2,0,255,64,255,255,1,57,92,0,0,0,0,0,0,0,0,0,0,0,0,0,0,0,46,218,139,219
263,1,1,77,222,4,0,0,210,0,0,75,0,4,1,0,175,161,117,253,117,253,117,253,117,253,117,253,117,253,0,0,0,46,253,56,210,124,209,124,209,62,208,102,208,101,209,108,209,3,211,93,253,77,222,14,254,240,22,0,4,4,8,24,0,1,0,255,0,4,255,0,8,14,0,0,0,15,31,51,31,17,21,25,1,17,12,33,145,23,3,0,182,146,0,0,0,255,0,0,1,18,0,0,2,1,9,2,185,210,0,2,0,255,64,255,255,1,57,92,0,0,0,0,0,0,0,0,0,0,0,0,0,0,0,46,218,139,219
264,1,1,77,222,4,0,0,210,0,0,76,0,4,1,0,141,226,117,253,117,253,117,253,117,253,117,253,117,253,0,0,0,46,253,56,210,124,209,124,209,62,208,102,208,101,209,108,209,3,211,93,253,77,222,14,254,240,23,0,4,4,8,24,0,1,0,255,0,4,255,0,8,14,0,0,0,15,31,51,31,17,21,25,1,17,12,33,145,23,3,0,182,146,0,0,0,255,0,0,1,18,0,0,2,1,9,2,185,210,0,2,0,255,64,255,255,1,57,92,0,0,0,0,0,0,0,0,0,0,0,0,0,0,0,46,218,139,219
265,6,1,77,222,4,0,0,210,0,0,77,0,4,1,0,83,39,117,253,117,253,117,253,117,253,117,253,117,253,0,0,0,46,253,56,210,124,209,124,209,62,208,102,208,101,209,108,209,3,211,93,253,77,222,14,254,240,23,0,4,4,8,24,0,1,0,255,0,4,255,0,8,14,0,0,0,15,31,51,31,17,21,25,1,17,12,33,145,23,3,0,182,146,0,0,0,255,0,0,1,18,0,0,2,1,9,2,185,210,0,2,0,111,64,255,255,1,57,92,0,0,0,0,0,0,0,0,0,0,0,0,0,0,0,46,218,139,219
266,8,1,77,222,4,0,0,210,0,0,78,0,4,1,0,58,105,117,253,117,253,117,253,117,253,117,253,117,253,0,0,0,46,253,56,210,124,209,124,209,62,208,102,208,101,209,108,209,3,211,93,253,77,222,14,254,240,23,0,4,4,8,24,0,1,0,255,0,4,255,0,8,14,0,0,0,15,31,51,31,17,21,25,1,17,12,33,145,23,3,0,182,146,0,0,0,255,0,0,1,18,0,0,2,1,9,2,185,210,0,2,0,95,64,255,255,1,57,92,0,0,0,0,0,0,0,0,0,0,0,0,0,0,0,46,218,139,219
267,17,1,77,222,4,0,0,210,0,0,79,0,4,1,0,13,187,117,253,117,253,117,253,117,253,117,253,117,253,0,0,0,46,253,56,210,124,209,124,209,62,208,102,208,101,209,108,209,3,211,93,253,77,222,14,254,240,23,0,4,4,8,24,0,1,0,255,0,4,255,0,8,14,0,0,0,15,31,51,31,17,21,25,1,17,12,33,145,23,3,0,182,146,0,0,0,255,0,0,1,18,0,0,2,1,9,2,185,210,0,2,0,159,64,255,255,1,57,92,0,0,0,0,0,0,0,0,0,0,0,0,0,0,0,46,218,139,219
268,10,1,77,223,4,0,0,210,0,1,80,0,4,1,0,211,205,117,253,117,253,117,253,117,253,117,253,117,253,0,0,0,46,253,40,210,124,209,124,209,62,208,102,208,100,209,107,209,2,211,152,253,77,223,14,254,240,24,0,4,4,8,24,10,1,0,255,0,4,255,0,8,15,0,0,0,15,31,51,31,17,21,25,1,17,12,33,145,23,3,0,182,146,0,0,0,255,0,0,1,18,0,0,2,1,9,2,185,210,0,2,0,239,64,255,255,1,57,92,0,0,0,0,0,0,0,0,0,0,0,0,0,0,0,46,218,139,219
269,11,1,77,223,4,0,0,210,0,0,81,0,4,1,0,185,86,117,253,117,253,117,253,117,253,117,253,117,253,0,0,0,46,253,40,210,124,209,124,209,62,208,102,208,100,209,107,209,2,211,152,253,77,223,14,254,240,24,0,4,4,8,24,10,1,0,255,0,4,255,0,8,15,0,0,0,15,31,51,31,17,21,25,1,17,12,33,145,23,3,0,182,146,0,0,0,255,0,0,1,18,0,0,2,1,9,2,185,210,0,2,0,127,64,255,255,1,57,92,0,0,0,0,0,0,0,0,0,0,0,0,0,0,0,46,218,139,219
270,1,1,77,223,4,0,0,210,0,0,82,0,4,1,0,140,251,117,253,117,253,117,253,117,253,117,253,117,253,0,0,0,46,253,40,210,124,209,124,209,62,208,102,208,100,209,107,209,2,211,152,253,77,223,14,254,240,24,0,4,4,8,24,0,1,0,255,0,4,255,0,8,15,0,0,0,15,31,51,31,17,21,25,1,17,12,33,145,23,3,0,182,146,0,0,0,255,0,0,1,18,0,0,2,1,9,2,185,210,0,2,0,255,64,255,255,1,57,92,0,0,0,0,0,0,0,0,0,0,0,0,0,0,0,46,218,139,219
271,15,1,77,223,4,0,0,210,0,0,83,0,4,1,0,80,12,117,253,117,253,117,253,117,253,117,253,117,253,0,0,0,46,253,40,210,124,209,124,209,62,208,102,208,100,209,107,209,2,211,152,253,77,223,14,254,240,24,0,4,4,8,24,0,1,0,255,0,4,255,0,8,15,0,0,0,15,31,51,31,17,21,25,1,17,12,33,145,23,3,0,182,146,0,0,0,255,0,0,1,18,0,0,2,1,9,2,185,210,0,2,0,175,64,255,255,1,57,92,0,0,0,0,0,0,0,0,0,0,0,0,0,0,0,46,218,139,219
272,14,1,77,223,4,0,0,210,0,0,84,0,4,1,0,51,20,117,253,117,253,117,253,117,253,117,253,117,253,0,0,0,46,253,40,210,124,209,124,209,62,208,102,208,100,209,107,209,2,211,152,253,77,223,14,254,240,25,0,4,4,8,24,0,1,0,255,0,4,255,0,8,15,0,0,0,15,31,51,31,17,21,25,1,17,12,33,145,23,3,0,182,146,0,0,0,255,0,0,1,18,0,0,2,1,9,2,185,210,0,2,0,111,64,255,255,1,57,92,0,0,0,0,0,0,0,0,0,0,0,0,0,0,0,46,218,139,219
273,13,1,77,222,4,0,0,210,0,-1,85,0,4,1,0,26,60,117,253,117,253,117,253,117,253,117,253,117,253,0,0,0,46,253,40,210,124,209,124,209,62,208,102,208,100,209,107,209,2,211,152,253,77,222,14,254,240,25,0,4,4,8,40,10,1,0,255,0,4,255,0,8,15,0,0,0,15,31,51,31,17,21,25,1,17,12,33,145,23,3,0,182,146,0,0,0,255,0,0,1,18,0,0,2,1,9,2,185,210,0,2,0,223,64,255,255,1,57,92,0,0,0,0,0,0,0,0,0,0,0,0,0,0,0,46,218,139,219
274,11,1,77,222,4,0,0,210,0,0,86,0,4,1,0,237,68,117,253,117,253,117,253,117,253,117,253,117,253,0,0,0,46,253,40,210,124,209,124,209,82,208,102,208,100,209,107,209,2,211,152,253,77,222,14,254,240,25,0,4,4,8,40,10,1,0,255,0,4,255,0,8,15,0,0,0,15,31,51,31,17,21,25,1,17,12,33,145,23,3,0,182,146,0,0,0,255,0,0,1,18,0,0,2,1,9,2,185,210,0,2,0,127,64,255,255,1,57,92,0,0,0,0,0,0,0,0,0,0,0,0,0,0,0,46,218,139,219
275,17,1,77,222,4,0,0,210,0,0,87,0,4,1,0,112,205,117,253,117,253,117,253,117,253,117,253,117,253,0,0,0,46,253,40,210,124,209,124,209,82,208,102,208,100,209,107,209,2,211,152,253,77,222,14,254,240,25,0,4,4,8,40,10,1,0,255,0,4,255,0,8,15,0,0,0,15,31,51,31,17,21,25,1,17,12,33,145,23,3,0,182,146,0,0,0,255,0,0,1,18,0,0,2,1,9,2,185,210,0,2,0,159,64,255,255,1,57,92,0,0,0,0,0,0,0,0,0,0,0,0,0,0,0,46,218,139,219
276,5,1,77,221,4,0,0,210,0,-1,88,0,4,1,0,212,87,117,253,117,253,117,253,117,253,117,253,117,253,0,0,0,46,253,23,210,124,209,124,209,62,208,102,208,101,209,108,209,1,211,93,253,77,221,14,254,240,26,0,4,4,8,40,10,1,0,255,0,4,255,0,0,0,0,0,0,15,31,51,31,17,21,25,1,17,12,33,145,23,3,0,182,146,0,0,0,255,0,0,1,18,0,0,2,1,9,2,185,210,0,2,0,223,64,255,255,1,57,92,0,0,0,0,0,0,0,0,0,0,0,0,0,0,0,46,218,139,219
277,6,1,77,221,4,0,0,210,0,0,89,0,4,1,0,191,248,117,253,117,253,117,253,117,253,117,253,117,253,0,0,0,46,253,23,210,124,209,124,209,62,208,102,208,101,209,108,209,1,211,93,253,77,221,14,254,240,26,0,4,4,8,40,10,1,0,255,0,4,255,0,0,0,0,0,0,15,31,51,31,17,21,25,1,17,12,33,145,23,3,0,182,146,0,0,0,255,0,0,1,18,0,0,2,1,9,2,185,210,0,2,0,111,64,255,255,1,57,92,0,0,0,0,0,0,0,0,0,0,0,0,0,0,0,46,218,139,219
278,12,1,77,221,4,0,0,210,0,0,90,0,4,1,0,253,9,117,253,117,253,117,253,117,253,117,253,117,253,0,0,0,46,253,23,210,124,209,124,209,62,208,102,208,101,209,108,209,1,211,93,253,77,221,14,254,240,26,0,4,4,8,40,10,1,0,255,0,4,255,0,0,0,0,0,0,15,31,51,31,17,21,25,1,17,12,33,145,23,3,0,182,146,0,0,0,255,0,0,1,18,0,0,2,1,9,2,185,210,0,2,0,191,64,255,255,1,57,92,0,0,0,0,0,0,0,0,0,0,0,0,0,0,0,46,218,139,219
279,9,1,77,221,4,0,0,210,0,0,91,0,4,1,0,64,26,117,253,117,253,117,253,117,253,117,253,117,253,0,0,0,46,253,23,210,124,209,124,209,62,208,102,208,101,209,108,209,1,211,93,253,77,221,14,254,240,26,0,4,4,8,40,10,1,0,255,0,4,255,0,0,0,0,0,0,15,31,51,31,17,21,25,1,17,12,33,145,23,3,0,182,146,0,0,0,255,0,0,1,18,0,0,2,1,9,2,185,210,0,2,0,159,64,255,255,1,57,92,0,0,0,0,0,0,0,0,0,0,0,0,0,0,0,46,218,139,219
280,0,1,77,221,4,0,0,210,0,0,92,0,4,1,0,3,46,117,253,117,253,117,253,117,253,117,253,117,253,0,0,0,46,253,23,210,124,209,124,209,82,208,102,208,101,209,108,209,1,211,93,253,77,221,14,254,240,27,0,4,4,8,40,0,1,0,255,0,4,255,0,0,0,0,0,0,15,31,51,31,17,21,25,1,17,12,33,145,23,3,0,182,146,0,0,0,255,0,0,1,18,0,0,2,1,9,2,185,210,0,2,0,255,64,255,255,1,57,92,0,0,0,0,0,0,0,0,0,0,0,0,0,0,0,46,218,139,219
281,4,1,77,221,4,0,0,210,0,0,93,0,4,1,0,202,114,117,253,117,253,117,253,117,253,117,253,117,253,0,0,0,46,253,23,210,124,209,124,209,62,208,102,208,101,209,108,209,1,211,93,253,77,221,14,254,240,27,0,4,4,8,40,0,1,0,255,0,4,255,0,0,0,0,0,0,15,31,51,31,17,21,25,1,17,12,33,145,23,3,0,182,146,0,0,0,255,0,0,1,18,0,0,2,1,9,2,185,210,0,2,0,191,64,255,255,1,57,92,0,0,0,0,0,0,0,0,0,0,0,0,0,0,0,46,218,139,219
282,4,1,77,221,4,0,0,210,0,0,94,0,4,1,0,157,151,117,253,117,253,117,253,117,253,117,253,117,253,0,0,0,46,253,23,210,124,209,124,209,62,208,102,208,101,209,108,209,1,211,93,253,77,221,14,254,240,27,0,4,4,8,40,0,1,0,255,0,4,255,0,0,0,0,0,0,15,31,51,31,17,21,25,1,17,12,33,145,23,3,0,182,146,0,0,0,255,0,0,1,18,0,0,2,1,9,2,185,210,0,2,0,191,64,255,255,1,57,92,0,0,0,0,0,0,0,0,0,0,0,0,0,0,0,46,218,139,219
283,8,1,77,221,4,0,0,210,0,0,95,0,4,1,0,99,184,117,253,117,253,117,253,117,253,117,253,117,253,0,0,0,46,253,23,210,124,209,124,209,62,208,102,208,101,209,108,209,1,211,93,253,77,221,14,254,240,27,0,4,4,8,40,0,1,0,255,0,4,255,0,0,0,0,0,0,15,31,51,31,17,21,25,1,17,12,33,145,23,3,0,182,146,0,0,0,255,0,0,1,18,0,0,2,1,9,2,185,210,0,2,0,95,64,255,255,1,57,92,0,0,0,0,0,0,0,0,0,0,0,0,0,0,0,46,218,139,219
284,10,1,77,222,4,0,0,210,0,1,96,0,4,1,0,233,200,117,253,117,253,117,253,117,253,117,253,117,253,0,0,0,46,253,40,210,124,209,124,209,62,208,102,208,100,209,107,209,4,211,152,253,77,222,14,254,240,28,0,4,4,8,24,10,1,0,255,0,4,255,0,0,1,0,0,0,15,31,51,31,17,21,25,1,17,12,33,145,23,3,0,182,146,0,0,0,255,0,0,1,18,0,0,2,1,9,2,185,210,0,2,0,239,64,255,255,1,57,92,0,0,0,0,0,0,0,0,0,0,0,0,0,0,0,46,218,139,219
285,10,1,77,223,4,0,0,210,0,1,97,0,4,1,0,127,89,117,253,117,253,117,253,117,253,117,253,117,253,0,0,0,46,253,40,210,124,209,124,209,62,208,102,208,100,209,107,209,4,211,152,253,77,223,14,254,240,28,0,4,4,8,24,10,1,0,255,0,4,255,0,0,1,0,0,0,15,31,51,31,17,21,25,1,17,12,33,145,23,3,0,182,146,0,0,0,255,0,0,1,18,0,0,2,1,9,2,185,210,0,2,0,239,64,255,255,1,57,92,0,0,0,0,0,0,0,0,0,0,0,0,0,0,0,46,218,139,219
286,11,1,77,223,4,0,0,210,0,0,98,0,4,1,0,190,235,117,253,117,253,117,253,117,253,117,253,117,253,0,0,0,46,253,40,210,124,209,124,209,62,208,102,208,100,209,107,209,4,211,152,253,77,223,14,254,240,28,0,4,4,8,24,10,1,0,255,0,4,255,0,0,1,0,0,0,15,31,51,31,17,21,25,1,17,12,33,145,23,3,0,182,146,0,0,0,255,0,0,1,18,0,0,2,1,9,2,185,210,0,2,0,127,64,255,255,1,57,92,0,0,0,0,0,0,0,0,0,0,0,0,0,0,0,46,218,139,219
287,2,1,77,224,4,0,0,210,0,1,99,0,4,1,0,254,60,117,253,117,253,117,253,117,253,117,253,117,253,0,0,0,46,253,40,210,124,209,124,209,62,208,102,208,100,209,107,209,4,211,152,253,77,224,14,254,240,28,0,4,4,8,24,10,1,0,255,0,4,255,0,0,1,0,0,0,15,31,51,31,17,21,25,1,17,12,33,145,23,3,0,182,146,0,0,0,255,0,0,1,18,0,0,2,1,9,2,185,210,0,2,0,239,64,255,255,1,57,92,0,0,0,0,0,0,0,0,0,0,0,0,0,0,0,46,218,139,219
288,10,1,77,225,4,0,0,210,0,1,100,0,4,1,0,65,69,117,253,117,253,117,253,117,253,117,253,117,253,0,0,0,46,253,40,210,124,209,124,209,82,208,102,208,100,209,107,209,4,211,152,253,77,225,14,254,240,29,0,4,4,8,24,10,1,0,255,0,4,255,0,0,1,0,0,0,15,31,51,31,17,21,25,1,17,12,33,145,23,3,0,182,146,0,0,0,255,0,0,1,18,0,0,2,1,9,2,185,210,0,2,0,239,64,255,255,1,57,92,0,0,0,0,0,0,0,0,0,0,0,0,0,0,0,46,218,139,219
289,1,1,77,225,4,0,0,210,0,0,101,0,4,1,0,4,207,117,253,117,253,117,253,117,253,117,253,117,253,0,0,0,46,253,40,210,124,209,124,209,82,208,102,208,100,209,107,209,4,211,152,253,77,225,14,254,240,29,0,4,4,8,24,0,1,0,255,0,4,255,0,0,1,0,0,0,15,31,51,31,17,21,25,1,17,12,33,145,23,3,0,182,146,0,0,0,255,0,0,1,18,0,0,2,1,9,2,185,210,0,2,0,255,64,255,255,1,57,92,0,0,0,0,0,0,0,0,0,0,0,0,0,0,0,46,218,139,219
290,1,1,77,225,4,0,0,210,0,0,102,0,4,1,0,200,81,117,253,117,253,117,253,117,253,117,253,117,253,0,0,0,46,253,40,210,124,209,124,209,62,208,102,208,100,209,107,209,4,211,152,253,77,225,14,254,240,29,0,4,4,8,24,0,1,0,255,0,4,255,0,0,1,0,0,0,15,31,51,31,17,21,25,1,17,12,33,145,23,3,0,182,146,0,0,0,255,0,0,1,18,0,0,2,1,9,2,185,210,0,2,0,255,64,255,255,1,57,92,0,0,0,0,0,0,0,0,0,0,0,0,0,0,0,46,218,139,219
291,8,1,77,225,4,0,0,210,0,0,103,0,4,1,0,155,242,117,253,117,253,117,253,117,253,117,253,117,253,0,0,0,46,253,40,210,124,209,124,209,62,208,102,208,100,209,107,209,4,211,152,253,77,225,14,254,240,29,0,4,4,8,24,0,1,0,255,0,4,255,0,0,1,0,0,0,15,31,51,31,17,21,25,1,17,12,33,145,23,3,0,182,146,0,0,0,255,0,0,1,18,0,0,2,1,9,2,185,210,0,2,0,95,64,255,255,1,57,92,0,0,0,0,0,0,0,0,0,0,0,0,0,0,0,46,218,139,219
292,5,1,77,224,4,0,0,210,0,-1,104,0,4,1,0,97,23,117,253,117,253,117,253,117,253,117,253,117,253,0,0,0,46,253,56,210,124,209,124,209,62,208,102,208,101,209,108,209,3,211,93,253,77,224,14,254,240,30,0,4,4,8,40,10,1,0,255,0,4,255,0,0,2,0,0,0,15,31,51,31,17,21,25,1,17,12,33,145,23,3,0,182,146,0,0,0,255,0,0,1,18,0,0,2,1,9,2,185,210,0,2,0,223,64,255,255,1,57,92,0,0,0,0,0,0,0,0,0,0,0,0,0,0,0,46,218,139,219
293,4,1,77,224,4,0,0,210,0,0,105,0,4,1,0,228,57,117,253,117,253,117,253,117,253,117,253,117,253,0,0,0,46,253,56,210,124,209,124,209,62,208,102,208,101,209,108,209,3,211,93,253,77,224,14,254,240,30,0,4,4,8,40,10,1,0,255,0,4,255,0,0,2,0,0,0,15,31,51,31,17,21,25,1,17,12,33,145,23,3,0,182,146,0,0,0,255,0,0,1,18,0,0,2,1,9,2,185,210,0,2,0,191,64,255,255,1,57,92,0,0,0,0,0,0,0,0,0,0,0,0,0,0,0,46,218,139,219
294,9,1,77,224,4,0,0,210,0,0,106,0,4,1,0,111,74,117,253,117,253,117,253,117,253,117,253,117,253,0,0,0,46,253,56,210,124,209,124,209,62,208,102,208,101,209,108,209,3,211,93,253,77,224,14,254,240,30,0,4,4,8,40,10,1,0,255,0,4,255,0,0,2,0,0,0,15,31,51,31,17,21,25,1,17,12,33,145,23,3,0,182,146,0,0,0,255,0,0,1,18,0,0,2,1,9,2,185,210,0,2,0,159,64,255,255,1,57,92,0,0,0,0,0,0,0,0,0,0,0,0,0,0,0,46,218,139,219
295,11,1,77,224,4,0,0,210,0,0,107,0,4,1,0,206,222,117,253,117,253,117,253,117,253,117,253,117,253,0,0,0,46,253,56,210,124,209,124,209,62,208,102,208,101,209,108,209,3,211,93,253,77,224,14,254,240,30,0,4,4,8,40,10,1,0,255,0,4,255,0,0,2,0,0,0,15,31,51,31,17,21,25,1,17,12,33,145,23,3,0,182,146,0,0,0,255,0,0,1,18,0,0,2,1,9,2,185,210,0,2,0,127,64,255,255,1,57,92,0,0,0,0,0,0,0,0,0,0,0,0,0,0,0,46,218,139,219
296,12,1,77,224,4,0,0,210,0,0,108,0,4,1,0,174,99,117,253,117,253,117,253,117,253,117,253,117,253,0,0,0,46,253,56,210,124,209,124,209,82,208,102,208,101,209,108,209,3,211,93,253,77,224,14,254,240,31,0,4,4,8,40,10,1,0,255,0,4,255,0,0,2,0,0,0,15,31,51,31,17,21,25,1,17,12,33,145,23,3,0,182,146,0,0,0,255,0,0,1,18,0,0,2,1,9,2,185,210,0,2,0,191,64,255,255,1,57,92,0,0,0,0,0,0,0,0,0,0,0,0,0,0,0,46,218,139,219
297,17,1,77,224,4,0,0,210,0,0,109,0,4,1,0,177,164,117,253,117,253,117,253,117,253,117,253,117,253,0,0,0,46,253,56,210,124,209,124,209,82,208,102,208,101,209,108,209,3,211,93,253,77,224,14,254,240,31,0,4,4,8,40,10,1,0,255,0,4,255,0,0,2,0,0,0,15,31,51,31,17,21,25,1,17,12,33,145,23,3,0,182,146,0,0,0,255,0,0,1,18,0,0,2,1,9,2,185,210,0,2,0,159,64,255,255,1,57,92,0,0,0,0,0,0,0,0,0,0,0,0,0,0,0,46,218,139,219
298,4,1,77,224,4,0,0,210,0,0,110,0,4,1,0,151,237,117,253,117,253,117,253,117,253,117,253,117,253,0,0,0,46,253,56,210,124,209,124,209,82,208,102,208,101,209,108,209,3,211,93,253,77,224,14,254,240,31,0,4,4,8,40,10,1,0,255,0,4,255,0,0,2,0,0,0,15,31,51,31,17,21,25,1,17,12,33,145,23,3,0,182,146,0,0,0,255,0,0,1,18,0,0,2,1,9,2,185,210,0,2,0,191,64,255,255,1,57,92,0,0,0,0,0,0,0,0,0,0,0,0,0,0,0,46,218,139,219
299,9,1,77,224,4,0,0,210,0,0,111,0,4,1,0,101,54,117,253,117,253,117,253,117,253,117,253,117,253,0,0,0,46,253,56,210,124,209,124,209,82,208,102,208,101,209,108,209,3,211,93,253,77,224,14,254,240,31,0,4,4,8,40,10,1,0,255,0,4,255,0,0,2,0,0,0,15,31,51,31,17,21,25,1,17,12,33,145,23,3,0,182,146,0,0,0,255,0,0,1,18,0,0,2,1,9,2,185,210,0,2,0,159,64,255,255,1,57,92,0,0,0,0,0,0,0,0,0,0,0,0,0,0,0,46,218,139,219
300,3,1,77,224,4,0,0,210,0,0,112,0,4,1,0,232,90,117,253,117,253,117,253,117,253,117,253,117,253,0,0,0,46,253,68,210,124,209,124,209,62,208,102,208,100,209,107,209,2,211,152,253,77,224,14,254,240,32,0,4,4,8,40,10,1,0,255,0,4,255,0,0,3,0,0,0,15,31,51,31,17,21,25,1,17,12,33,145,23,3,0,182,146,0,0,0,255,0,0,1,18,0,0,2,1,9,2,185,210,0,2,0,127,64,255,255,1,57,92,0,0,0,0,0,0,0,0,0,0,0,0,0,0,0,46,218,139,219
301,15,1,77,224,4,0,0,210,0,0,113,0,4,1,0,123,239,117,253,117,253,117,253,117,253,117,253,117,253,0,0,0,46,253,68,210,124,209,124,209,62,208,102,208,100,209,107,209,2,211,152,253,77,224,14,254,240,32,0,4,4,8,40,10,1,0,255,0,4,255,0,0,3,0,0,0,15,31,51,31,17,21,25,1,17,12,33,145,23,3,0,182,146,0,0,0,255,0,0,1,18,0,0,2,1,9,2,185,210,0,2,0,175,64,255,255,1,57,92,0,0,0,0,0,0,0,0,0,0,0,0,0,0,0,46,218,139,219
302,7,1,77,224,4,0,0,210,0,0,114,0,4,1,0,193,49,117,253,117,253,117,253,117,253,117,253,117,253,0,0,0,46,253,68,210,124,209,124,209,62,208,102,208,100,209,107,209,2,211,152,253,77,224,14,254,240,32,0,4,4,8,40,10,1,0,255,0,4,255,0,0,3,0,0,0,15,31,51,31,17,21,25,1,17,12,33,145,23,3,0,182,146,0,0,0,255,0,0,1,18,0,0,2,1,9,2,185,210,0,2,0,175,64,255,255,1,57,92,0,0,0,0,0,0,0,0,0,0,0,0,0,0,0,46,218,139,219
303,1,1,77,224,4,0,0,210,0,0,115,0,4,1,0,132,82,117,253,117,253,117,253,117,253,117,253,117,253,0,0,0,46,253,68,210,124,209,124,209,62,208,102,208,100,209,107,209,2,211,152,253,77,224,14,254,240,32,0,4,4,8,40,0,1,0,255,0,4,255,0,0,3,0,0,0,15,31,51,31,17,21,25,1,17,12,33,145,23,3,0,182,146,0,0,0,255,0,0,1,18,0,0,2,1,9,2,185,210,0,2,0,255,64,255,255,1,57,92,0,0,0,0,0,0,0,0,0,0,0,0,0,0,0,46,218,139,219
304,9,1,77,224,4,0,0,210,0,0,116,0,4,1,0,79,247,117,253,117,253,117,253,117,253,117,253,117,253,0,0,0,46,253,68,210,124,209,124,209,62,208,102,208,100,209,107,209,2,211,152,253,77,224,14,254,240,33,0,4,4,8,40,0,1,0,255,0,4,255,0,0,3,0,0,0,15,31,51,31,17,21,25,1,17,12,33,145,23,3,0,182,146,0,0,0,255,0,0,1,18,0,0,2,1,9,2,185,210,0,2,0,159,64,255,255,1,57,92,0,0,0,0,0,0,0,0,0,0,0,0,0,0,0,46,218,139,219
305,5,1,77,223,4,0,0,210,0,-1,117,0,4,1,0,45,25,117,253,117,253,117,253,117,253,117,253,117,253,0,0,0,46,253,68,210,124,209,124,209,62,208,102,208,100,209,107,209,2,211,152,253,77,223,14,254,240,33,0,4,4,8,40,10,1,0,255,0,4,255,0,0,3,0,0,0,15,31,51,31,17,21,25,1,17,12,33,145,23,3,0,182,146,0,0,0,255,0,0,1,18,0,0,2,1,9,2,185,210,0,2,0,223,64,255,255,1,57,92,0,0,0,0,0,0,0,0,0,0,0,0,0,0,0,46,218,139,219
306,16,1,77,223,4,0,0,210,0,0,118,0,4,1,0,48,43,117,253,117,253,117,253,117,253,117,253,117,253,0,0,0,46,253,68,210,124,209,124,209,82,208,102,208,100,209,107,209,2,211,152,253,77,223,14,254,240,33,0,4,4,8,40,10,1,0,255,0,4,255,0,0,3,0,0,0,15,31,51,31,17,21,25,1,17,12,33,145,23,3,0,182,146,0,0,0,255,0,0,1,18,0,0,2,1,9,2,185,210,0,2,0,95,64,255,255,1,57,92,0,0,0,0,0,0,0,0,0,0,0,0,0,0,0,46,218,139,219
307,2,1,77,224,4,0,0,210,0,1,119,0,4,1,0,19,125,117,253,117,253,117,253,117,253,117,253,117,253,0,0,0,46,253,68,210,124,209,124,209,82,208,102,208,100,209,107,209,2,211,152,253,77,224,14,254,240,33,0,4,4,8,24,10,1,0,255,0,4,255,0,0,3,0,0,0,15,31,51,31,17,21,25,1,17,12,33,145,23,3,0,182,146,0,0,0,255,0,0,1,18,0,0,2,1,9,2,185,210,0,2,0,239,64,255,255,1,57,92,0,0,0,0,0,0,0,0,0,0,0,0,0,0,0,46,218,139,219
308,9,1,77,224,4,0,0,210,0,0,120,0,4,1,0,250,135,117,253,117,253,117,253,117,253,117,253,117,253,0,0,0,46,253,80,210,124,209,124,209,62,208,102,208,101,209,108,209,1,211,93,253,77,224,14,254,240,34,0,4,4,8,24,10,1,0,255,0,4,255,0,0,4,0,0,0,15,31,51,31,17,21,25,1,17,12,33,145,23,3,0,182,146,0,0,0,255,0,0,1,18,0,0,2,1,9,2,185,210,0,2,0,159,64,255,255,1,57,92,0,0,0,0,0,0,0,0,0,0,0,0,0,0,0,46,218,139,219
309,12,1,77,224,4,0,0,210,0,0,121,0,4,1,0,66,136,117,253,117,253,117,253,117,253,117,253,117,253,0,0,0,46,253,80,210,124,209,124,209,62,208,102,208,101,209,108,209,1,211,93,253,77,224,14,254,240,34,0,4,4,8,24,10,1,0,255,0,4,255,0,0,4,0,0,0,15,31,51,31,17,21,25,1,17,12,33,145,23,3,0,182,146,0,0,0,255,0,0,1,18,0,0,2,1,9,2,185,210,0,2,0,191,64,255,255,1,57,92,0,0,0,0,0,0,0,0,0,0,0,0,0,0,0,46,218,139,219
310,10,1,77,225,4,0,0,210,0,1,122,0,4,1,0,10,152,117,253,117,253,117,253,117,253,117,253,117,253,0,0,0,46,253,80,210,124,209,124,209,62,208,102,208,101,209,108,209,1,211,93,253,77,225,14,254,240,34,0,4,4,8,24,10,1,0,255,0,4,255,0,0,4,0,0,0,15,31,51,31,17,21,25,1,17,12,33,145,23,3,0,182,146,0,0,0,255,0,0,1,18,0,0,2,1,9,2,185,210,0,2,0,239,64,255,255,1,57,92,0,0,0,0,0,0,0,0,0,0,0,0,0,0,0,46,218,139,219
311,9,1,77,225,4,0,0,210,0,0,123,0,4,1,0,210,168,117,253,117,253,117,253,117,253,117,253,117,253,0,0,0,46,253,80,210,124,209,124,209,62,208,102,208,101,209,108,209,1,211,93,253,77,225,14,254,240,34,0,4,4,8,24,10,1,0,255,0,4,255,0,0,4,0,0,0,15,31,51,31,17,21,25,1,17,12,33,145,23,3,0,182,146,0,0,0,255,0,0,1,18,0,0,2,1,9,2,185,210,0,2,0,159,64,255,255,1,57,92,0,0,0,0,0,0,0,0,0,0,0,0,0,0,0,46,218,139,219
312,13,1,77,224,4,0,0,210,0,-1,124,0,4,1,0,186,249,117,253,117,253,117,253,117,253,117,253,117,253,0,0,0,46,253,80,210,124,209,124,209,82,208,102,208,101,209,108,209,1,211,93,253,77,224,14,254,240,35,0,4,4,8,40,10,1,0,255,0,4,255,0,0,4,0,0,0,15,31,51,31,17,21,25,1,17,12,33,145,23,3,0,182,146,0,0,0,255,0,0,1,18,0,0,2,1,9,2,185,210,0,2,0,223,64,255,255,1,57,92,0,0,0,0,0,0,0,0,0,0,0,0,0,0,0,46,218,139,219
313,3,1,77,224,4,0,0,210,0,0,125,0,4,1,0,130,10,117,253,117,253,117,253,117,253,117,253,117,253,0,0,0,46,253,80,210,124,209,124,209,82,208,102,208,101,209,108,209,1,211,93,253,77,224,14,254,240,35,0,4,4,8,40,10,1,0,255,0,4,255,0,0,4,0,0,0,15,31,51,31,17,21,25,1,17,12,33,145,23,3,0,182,146,0,0,0,255,0,0,1,18,0,0,2,1,9,2,185,210,0,2,0,127,64,255,255,1,57,92,0,0,0,0,0,0,0,0,0,0,0,0,0,0,0,46,218,139,219
314,3,1,77,224,4,0,0,210,0,0,126,0,4,1,0,69,31,117,253,117,253,117,253,117,253,117,253,117,253,0,0,0,46,253,80,210,124,209,124,209,82,208,102,208,101,209,108,209,1,211,93,253,77,224,14,254,240,35,0,4,4,8,40,10,1,0,255,0,4,255,0,0,4,0,0,0,15,31,51,31,17,21,25,1,17,12,33,145,23,3,0,182,146,0,0,0,255,0,0,1,18,0,0,2,1,9,2,185,210,0,2,0,127,64,255,255,1,57,92,0,0,0,0,0,0,0,0,0,0,0,0,0,0,0,46,218,139,219
315,17,1,77,224,4,0,0,210,0,0,127,0,4,1,0,8,33,117,253,117,253,117,253,117,253,117,253,117,253,0,0,0,46,253,80,210,124,209,124,209,82,208,102,208,101,209,108,209,1,211,93,253,77,224,14,254,240,35,0,4,4,8,40,10,1,0,255,0,4,255,0,0,4,0,0,0,15,31,51,31,17,21,25,1,17,12,33,145,23,3,0,182,146,0,0,0,255,0,0,1,18,0,0,2,1,9,2,185,210,0,2,0,159,64,255,255,1,57,92,0,0,0,0,0,0,0,0,0,0,0,0,0,0,0,46,218,139,219
316,15,1,77,224,4,0,0,210,0,0,128,0,4,1,0,219,99,117,253,117,253,117,253,117,253,117,253,117,253,0,0,0,46,253,92,210,124,209,124,209,62,208,102,208,232,209,117,253,4,211,152,253,77,224,14,254,240,36,0,4,4,8,40,10,1,0,255,0,4,255,0,0,5,0,0,0,15,31,51,31,17,21,25,1,17,12,33,145,23,3,0,182,146,36,0,0,255,0,0,1,18,0,0,2,1,9,2,185,210,0,2,0,175,64,255,255,1,57,92,0,0,0,0,0,0,0,0,0,0,0,0,0,0,0,46,218,139,219
317,15,1,77,224,4,0,0,210,0,0,129,0,4,1,0,162,164,117,253,117,253,117,253,117,253,117,253,117,253,0,0,0,46,253,92,210,124,209,124,209,62,208,102,208,232,209,117,253,4,211,152,253,77,224,14,254,240,36,0,4,4,8,40,10,1,0,255,0,4,255,0,0,5,0,0,0,15,31,51,31,17,21,25,1,17,12,33,145,23,3,0,182,146,35,0,0,255,0,0,1,18,0,0,2,1,9,2,185,210,0,2,0,175,64,255,255,1,57,92,0,0,0,0,0,0,0,0,0,0,0,0,0,0,0,46,218,139,219
318,10,1,77,225,4,0,0,210,0,1,130,0,4,1,0,170,237,117,253,117,253,117,253,117,253,117,253,117,253,0,0,0,46,253,92,210,124,209,124,209,62,208,102,208,232,209,117,253,4,211,152,253,77,225,14,254,240,36,0,4,4,8,24,10,1,0,255,0,4,255,0,0,5,0,0,0,15,31,51,31,17,21,25,1,17,12,33,145,23,3,0,182,146,34,0,0,255,0,0,1,18,0,0,2,1,9,2,185,210,0,2,0,239,64,255,255,1,57,92,0,0,0,0,0,0,0,0,0,0,0,0,0,0,0,46,218,139,219
319,10,1,77,226,4,0,0,210,0,1,131,0,4,1,0,178,54,117,253,117,253,117,253,117,253,117,253,117,253,0,0,0,46,253,92,210,124,209,124,209,62,208,102,208,232,209,117,253,4,211,152,253,77,226,14,254,240,36,0,4,4,8,24,10,1,0,255,0,4,255,0,0,5,0,0,0,15,31,51,31,17,21,25,1,17,12,33,145,23,3,0,182,146,33,0,0,255,0,0,1,18,0,0,2,1,9,2,185,210,0,2,0,239,64,255,255,1,57,92,0,0,0,0,0,0,0,0,0,0,0,0,0,0,0,46,218,139,219
320,3,1,77,226,4,0,0,210,0,0,132,0,4,1,0,149,91,117,253,117,253,117,253,117,253,117,253,117,253,0,0,0,46,253,92,210,124,209,124,209,82,208,102,208,232,209,117,253,4,211,152,253,77,226,14,254,240,37,0,4,4,8,24,10,1,0,255,0,4,255,0,0,5,0,0,0,15,31,51,31,17,21,25,1,17,12,33,145,23,3,0,182,146,32,0,0,255,0,0,1,18,0,0,2,1,9,2,185,210,0,2,0,127,64,255,255,1,57,92,0,0,0,0,0,0,0,0,0,0,0,0,0,0,0,46,218,139,219
321,15,1,77,226,4,0,0,210,0,0,133,0,4,1,0,120,236,117,253,117,253,117,253,117,253,117,253,117,253,0,0,0,46,253,92,210,124,209,124,209,82,208,102,208,232,209,117,253,4,211,152,253,77,226,14,254,240,37,0,4,4,8,24,10,1,0,255,0,4,255,0,0,5,0,0,0,15,31,51,31,17,21,25,1,17,12,33,145,23,3,0,182,146,31,0,0,255,0,0,1,18,0,0,2,1,9,2,185,210,0,2,0,175,64,255,255,1,57,92,0,0,0,0,0,0,0,0,0,0,0,0,0,0,0,46,218,139,219
322,3,1,77,226,4,0,0,210,0,0,134,0,4,1,0,204,52,117,253,117,253,117,253,117,253,117,253,117,253,0,0,0,46,253,92,210,124,209,124,209,82,208,102,208,232,209,117,253,4,211,152,253,77,226,14,254,240,37,0,4,4,8,24,10,1,0,255,0,4,255,0,0,5,0,0,0,15,31,51,31,17,21,25,1,17,12,33,145,23,3,0,182,146,30,0,0,255,0,0,1,18,0,0,2,1,9,2,185,210,0,2,0,127,64,255,255,1,57,92,0,0,0,0,0,0,0,0,0,0,0,0,0,0,0,46,218,139,219
323,15,1,77,226,4,0,0,210,0,0,135,0,4,1,0,151,93,117,253,117,253,117,253,117,253,117,253,117,253,0,0,0,46,253,92,210,124,209,124,209,82,208,102,208,232,209,117,253,4,211,152,253,77,226,14,254,240,37,0,4,4,8,24,10,1,0,255,0,4,255,0,0,5,0,0,0,15,31,51,31,17,21,25,1,17,12,33,145,23,3,0,182,146,29,0,0,255,0,0,1,18,0,0,2,1,9,2,185,210,0,2,0,175,64,255,255,1,57,92,0,0,0,0,0,0,0,0,0,0,0,0,0,0,0,46,218,139,219
324,13,1,77,225,4,0,0,210,0,-1,136,0,4,1,0,102,230,117,253,117,253,117,253,117,253,117,253,117,253,0,0,0,46,253,104,210,124,209,124,209,62,208,102,208,232,209,117,253,3,211,93,253,77,225,14,254,240,38,0,4,4,8,40,10,1,0,255,0,4,255,0,0,6,0,0,0,15,31,51,31,17,21,25,1,17,12,33,145,23,3,0,182,146,28,0,0,255,0,0,1,18,0,0,2,1,9,2,185,210,0,2,0,223,64,255,255,1,57,92,0,0,0,0,0,0,0,0,0,0,0,0,0,0,0,46,218,139,219
325,1,1,77,225,4,0,0,210,0,0,137,0,4,1,0,246,42,117,253,117,253,117,253,117,253,117,253,117,253,0,0,0,46,253,104,210,124,209,124,209,62,208,102,208,232,209,117,253,3,211,93,253,77,225,14,254,240,38,0,4,4,8,40,0,1,0,255,0,4,255,0,0,6,0,0,0,15,31,51,31,17,21,25,1,17,12,33,145,23,3,0,182,146,27,0,0,255,0,0,1,18,0,0,2,1,9,2,185,210,0,2,0,255,64,255,255,1,57,92,0,0,0,0,0,0,0,0,0,0,0,0,0,0,0,46,218,139,219
326,9,1,77,225,4,0,0,210,0,0,138,0,4,1,0,89,127,117,253,117,253,117,253,117,253,117,253,117,253,0,0,0,46,253,104,210,124,209,124,209,62,208,102,208,232,209,117,253,3,211,93,253,77,225,14,254,240,38,0,4,4,8,40,0,1,0,255,0,4,255,0,0,6,0,0,0,15,31,51,31,17,21,25,1,17,12,33,145,23,3,0,182,146,26,0,0,255,0,0,1,18,0,0,2,1,9,2,185,210,0,2,0,159,64,255,255,1,57,92,0,0,0,0,0,0,0,0,0,0,0,0,0,0,0,46,218,139,219
327,10,1,77,226,4,0,0,210,0,1,139,0,4,1,0,44,129,117,253,117,253,117,253,117,253,117,253,117,253,0,0,0,46,253,104,210,124,209,124,209,62,208,102,208,232,209,117,253,3,211,93,253,77,226,14,254,240,38,0,4,4,8,24,10,1,0,255,0,4,255,0,0,6,0,0,0,15,31,51,31,17,21,25,1,17,12,33,145,23,3,0,182,146,25,0,0,255,0,0,1,18,0,0,2,1,9,2,185,210,0,2,0,239,64,255,255,1,57,92,0,0,0,0,0,0,0,0,0,0,0,0,0,0,0,46,218,139,219
328,4,1,77,226,4,0,0,210,0,0,140,0,4,1,0,48,131,117,253,117,253,117,253,117,253,117,253,117,253,0,0,0,46,253,104,210,124,209,124,209,82,208,102,208,232,209,117,253,3,211,93,253,77,226,14,254,240,39,0,4,4,8,24,10,1,0,255,0,4,255,0,0,6,0,0,0,15,31,51,31,17,21,25,1,17,12,33,145,23,3,0,182,146,24,0,0,255,0,0,1,18,0,0,2,1,9,2,185,210,0,2,0,191,64,255,255,1,57,92,0,0,0,0,0,0,0,0,0,0,0,0,0,0,0,46,218,139,219
329,5,1,77,225,4,0,0,210,0,-1,141,0,4,1,0,20,133,117,253,117,253,117,253,117,253,117,253,117,253,0,0,0,46,253,104,210,124,209,124,209,82,208,102,208,232,209,117,253,3,211,93,253,77,225,14,254,240,39,0,4,4,8,40,10,1,0,255,0,4,255,0,0,6,0,0,0,15,31,51,31,17,21,25,1,17,12,33,145,23,3,0,182,146,23,0,0,255,0,0,1,18,0,0,2,1,9,2,185,210,0,2,0,223,64,255,255,1,57,92,0,0,0,0,0,0,0,0,0,0,0,0,0,0,0,46,218,139,219
330,12,1,77,225,4,0,0,210,0,0,142,0,4,1,0,248,143,117,253,117,253,117,253,117,253,117,253,117,253,0,0,0,46,253,104,210,124,209,124,209,82,208,102,208,232,209,117,253,3,211,93,253,77,225,14,254,240,39,0,4,4,8,40,10,1,0,255,0,4,255,0,0,6,0,0,0,15,31,51,31,17,21,25,1,17,12,33,145,23,3,0,182,146,22,0,0,255,0,0,1,18,0,0,2,1,9,2,185,210,0,2,0,191,64,255,255,1,57,92,0,0,0,0,0,0,0,0,0,0,0,0,0,0,0,46,218,139,219
331,2,1,77,226,4,0,0,210,0,1,143,0,4,1,0,76,144,117,253,117,253,117,253,117,253,117,253,117,253,0,0,0,46,253,104,210,124,209,124,209,82,208,102,208,232,209,117,253,3,211,93,253,77,226,14,254,240,39,0,4,4,8,24,10,1,0,255,0,4,255,0,0,6,0,0,0,15,31,51,31,17,21,25,1,17,12,33,145,23,3,0,182,146,21,0,0,255,0,0,1,18,0,0,2,1,9,2,185,210,0,2,0,239,64,255,255,1,57,92,0,0,0,0,0,0,0,0,0,0,0,0,0,0,0,46,218,139,219
332,2,1,77,227,4,0,0,210,0,1,144,0,4,1,0,16,176,117,253,117,253,117,253,117,253,117,253,117,253,0,0,0,46,253,116,210,124,209,124,209,62,208,102,208,232,209,117,253,2,211,152,253,77,227,14,254,240,40,0,4,4,8,24,10,1,0,255,0,4,255,0,0,7,0,0,0,15,31,51,31,17,21,25,1,17,12,33,145,23,3,0,182,146,20,0,0,255,0,0,1,18,0,0,2,1,9,2,185,210,0,2,0,239,64,255,255,1,57,92,0,0,0,0,0,0,0,0,0,0,0,0,0,0,0,46,218,139,219
333,2,1,77,228,4,0,0,210,0,1,145,0,4,1,0,244,208,117,253,117,253,117,253,117,253,117,253,117,253,0,0,0,46,253,116,210,124,209,124,209,62,208,102,208,232,209,117,253,2,211,152,253,77,228,14,254,240,40,0,4,4,8,24,10,1,0,255,0,4,255,0,0,7,0,0,0,15,31,51,31,17,21,25,1,17,12,33,145,23,3,0,182,146,19,0,0,255,0,0,1,18,0,0,2,1,9,2,185,210,0,2,0,239,64,255,255,1,57,92,0,0,0,0,0,0,0,0,0,0,0,0,0,0,0,46,218,139,219
334,6,1,77,228,4,0,0,210,0,0,146,0,4,1,0,88,113,117,253,117,253,117,253,117,253,117,253,117,253,0,0,0,46,253,116,210,124,209,124,209,62,208,102,208,232,209,117,253,2,211,152,253,77,228,14,254,240,40,0,4,4,8,24,10,1,0,255,0,4,255,0,0,7,0,0,0,15,31,51,31,17,21,25,1,17,12,33,145,23,3,0,182,146,18,0,0,255,0,0,1,18,0,0,2,1,9,2,185,210,0,2,0,111,64,255,255,1,57,92,0,0,0,0,0,0,0,0,0,0,0,0,0,0,0,46,218,139,219
335,7,1,77,228,4,0,0,210,0,0,147,0,4,1,0,43,147,117,253,117,253,117,253,117,253,117,253,117,253,0,0,0,46,253,116,210,124,209,124,209,62,208,102,208,232,209,117,253,2,211,152,253,77,228,14,254,240,40,0,4,4,8,24,10,1,0,255,0,4,255,0,0,7,0,0,0,15,31,51,31,17,21,25,1,17,12,33,145,23,3,0,182,146,17,0,0,255,0,0,1,18,0,0,2,1,9,2,185,210,0,2,0,175,64,255,255,1,57,92,0,0,0,0,0,0,0,0,0,0,0,0,0,0,0,46,218,139,219
336,1,1,77,228,4,0,0,210,0,0,148,0,4,1,0,49,181,117,253,117,253,117,253,117,253,117,253,117,253,0,0,0,46,253,116,210,124,209,124,209,82,208,102,208,232,209,117,253,2,211,152,253,77,228,14,254,240,41,0,4,4,8,24,0,1,0,255,0,4,255,0,0,7,0,0,0,15,31,51,31,17,21,25,1,17,12,33,145,23,3,0,182,146,16,0,0,255,0,0,1,18,0,0,2,1,9,2,185,210,0,2,0,255,64,255,255,1,57,92,0,0,0,0,0,0,0,0,0,0,0,0,0,0,0,46,218,139,219
337,12,1,77,228,4,0,0,210,0,0,149,0,4,1,0,23,223,117,253,117,253,117,253,117,253,117,253,117,253,0,0,0,46,253,116,210,124,209,124,209,62,208,102,208,232,209,117,253,2,211,152,253,77,228,14,254,240,41,0,4,4,8,24,0,1,0,255,0,4,255,0,0,7,0,0,0,15,31,51,31,17,21,25,1,17,12,33,145,23,3,0,182,146,15,0,0,255,0,0,1,18,0,0,2,1,9,2,185,210,0,2,0,191,64,255,255,1,57,92,0,0,0,0,0,0,0,0,0,0,0,0,0,0,0,46,218,139,219
338,0,1,77,228,4,0,0,210,0,0,150,0,4,1,0,229,97,117,253,117,253,117,253,117,253,117,253,117,253,0,0,0,46,253,116,210,124,209,124,209,62,208,102,208,232,209,117,253,2,211,152,253,77,228,14,254,240,41,0,4,4,8,24,0,1,0,255,0,4,255,0,0,7,0,0,0,15,31,51,31,17,21,25,1,17,12,33,145,23,3,0,182,146,14,0,0,255,0,0,1,18,0,0,2,1,9,2,185,210,0,2,0,255,64,255,255,1,57,92,0,0,0,0,0,0,0,0,0,0,0,0,0,0,0,46,218,139,219
339,3,1,77,228,4,0,0,210,0,0,151,0,4,1,0,104,162,117,253,117,253,117,253,117,253,117,253,117,253,0,0,0,46,253,116,210,124,209,124,209,62,208,102,208,232,209,117,253,2,211,152,253,77,228,14,254,240,41,0,4,4,8,24,0,1,0,255,0,4,255,0,0,7,0,0,0,15,31,51,31,17,21,25,1,17,12,33,145,23,3,0,182,146,13,0,0,255,0,0,1,18,0,0,2,1,9,2,185,210,0,2,0,127,64,255,255,1,57,92,0,0,0,0,0,0,0,0,0,0,0,0,0,0,0,46,218,139,219
340,12,1,77,228,4,0,0,210,0,0,152,0,4,1,0,252,230,117,253,117,253,117,253,117,253,117,253,117,253,0,0,0,46,253,129,210,124,209,124,209,62,208,102,208,232,209,117,253,1,211,93,253,77,228,14,254,240,42,0,4,4,8,24,0,1,0,255,0,4,255,0,0,8,0,0,0,15,31,51,31,17,21,25,1,17,12,33,145,23,3,0,182,146,12,0,0,255,0,0,1,18,0,0,2,1,9,2,185,210,0,2,0,191,64,255,255,1,57,92,0,0,0,0,0,0,0,0,0,0,0,0,0,0,0,46,218,139,219
341,17,1,77,228,4,0,0,210,0,0,153,0,4,1,0,64,43,117,253,117,253,117,253,117,253,117,253,117,253,0,0,0,46,253,129,210,124,209,124,209,62,208,102,208,232,209,117,253,1,211,93,253,77,228,14,254,240,42,0,4,4,8,24,0,1,0,255,0,4,255,0,0,8,0,0,0,15,31,51,31,17,21,25,1,17,12,33,145,23,3,0,182,146,11,0,0,255,0,0,1,18,0,0,2,1,9,2,185,210,0,2,0,159,64,255,255,1,57,92,0,0,0,0,0,0,0,0,0,0,0,0,0,0,0,46,218,139,219
342,16,1,77,228,4,0,0,210,0,0,154,0,4,1,0,3,125,117,253,117,253,117,253,117,253,117,253,117,253,0,0,0,46,253,129,210,124,209,124,209,62,208,102,208,232,209,117,253,1,211,93,253,77,228,14,254,240,42,0,4,4,8,24,0,1,0,255,0,4,255,0,0,8,0,0,0,15,31,51,31,17,21,25,1,17,12,33,145,23,3,0,182,146,10,0,0,255,0,0,1,18,0,0,2,1,9,2,185,210,0,2,0,95,64,255,255,1,57,92,0,0,0,0,0,0,0,0,0,0,0,0,0,0,0,46,218,139,219
343,9,1,77,228,4,0,0,210,0,0,155,0,4,1,0,202,135,117,253,117,253,117,253,117,253,117,253,117,253,0,0,0,46,253,129,210,124,209,124,209,62,208,102,208,232,209,117,253,1,211,93,253,77,228,14,254,240,42,0,4,4,8,24,0,1,0,255,0,4,255,0,0,8,0,0,0,15,31,51,31,17,21,25,1,17,12,33,145,23,3,0,182,146,9,0,0,255,0,0,1,18,0,0,2,1,9,2,185,210,0,2,0,159,64,255,255,1,57,92,0,0,0,0,0,0,0,0,0,0,0,0,0,0,0,46,218,139,219
344,14,1,77,228,4,0,0,210,0,0,156,0,4,1,0,146,136,117,253,117,253,117,253,117,253,117,253,117,253,0,0,0,46,253,129,210,124,209,124,209,62,208,102,208,232,209,117,253,1,211,93,253,77,228,14,254,240,43,0,4,4,8,24,0,1,0,255,0,4,255,0,0,8,0,0,0,15,31,51,31,17,21,25,1,17,12,33,145,23,3,0,182,146,8,0,0,255,0,0,1,18,0,0,2,1,9,2,185,210,0,2,0,111,64,255,255,1,57,92,0,0,0,0,0,0,0,0,0,0,0,0,0,0,0,46,218,139,219
345,15,1,77,228,4,0,0,210,0,0,157,0,4,1,0,122,153,117,253,117,253,117,253,117,253,117,253,117,253,0,0,0,46,253,129,210,124,209,124,209,62,208,102,208,232,209,117,253,1,211,93,253,77,228,14,254,240,43,0,4,4,8,24,0,1,0,255,0,4,255,0,0,8,0,0,0,15,31,51,31,17,21,25,1,17,12,33,145,23,3,0,182,146,7,0,0,255,0,0,1,18,0,0,2,1,9,2,185,210,0,2,0,175,64,255,255,1,57,92,0,0,0,0,0,0,0,0,0,0,0,0,0,0,0,46,218,139,219
346,6,1,77,228,4,0,0,210,0,0,158,0,4,1,0,194,171,117,253,117,253,117,253,117,253,117,253,117,253,0,0,0,46,253,129,210,124,209,124,209,62,208,102,208,232,209,117,253,1,211,93,253,77,228,14,254,240,43,0,4,4,8,24,0,1,0,255,0,4,255,0,0,8,0,0,0,15,31,51,31,17,21,25,1,17,12,33,145,23,3,0,182,146,6,0,0,255,0,0,1,18,0,0,2,1,9,2,185,210,0,2,0,111,64,255,255,1,57,92,0,0,0,0,0,0,0,0,0,0,0,0,0,0,0,46,218,139,219
347,13,1,77,227,4,0,0,210,0,-1,159,0,4,1,0,138,252,117,253,117,253,117,253,117,253,117,253,117,253,0,0,0,46,253,129,210,124,209,124,209,62,208,102,208,232,209,117,253,1,211,93,253,77,227,14,254,240,43,0,4,4,8,40,10,1,0,255,0,4,255,0,0,8,0,0,0,15,31,51,31,17,21,25,1,17,12,33,145,23,3,0,182,146,5,0,0,255,0,0,1,18,0,0,2,1,9,2,185,210,0,2,0,223,64,255,255,1,57,92,0,0,0,0,0,0,0,0,0,0,0,0,0,0,0,46,218,139,219
348,2,1,77,228,4,0,0,210,0,1,160,0,4,1,0,82,5,117,253,117,253,117,253,117,253,117,253,117,253,0,0,0,46,253,116,210,124,209,124,209,62,208,102,208,232,209,117,253,4,211,152,253,77,228,14,254,240,44,0,4,4,8,24,10,1,0,255,0,4,255,0,8,9,0,0,0,15,31,51,31,17,21,25,1,17,12,33,145,23,3,0,182,146,4,0,0,255,0,0,1,18,0,0,2,1,9,2,185,210,0,2,0,239,64,255,255,1,57,92,0,0,0,0,0,0,0,0,0,0,0,0,0,0,0,46,218,139,219
349,11,1,77,228,4,0,0,210,0,0,161,0,4,1,0,53,15,117,253,117,253,117,253,117,253,117,253,117,253,0,0,0,46,253,116,210,124,209,124,209,62,208,102,208,232,209,117,253,4,211,152,253,77,228,14,254,240,44,0,4,4,8,24,10,1,0,255,0,4,255,0,8,9,0,0,0,15,31,51,31,17,21,25,1,17,12,33,145,23,3,0,182,146,3,0,0,255,0,0,1,18,0,0,2,1,9,2,185,210,0,2,0,127,64,255,255,1,57,92,0,0,0,0,0,0,0,0,0,0,0,0,0,0,0,46,218,139,219
350,7,1,77,228,4,0,0,210,0,0,162,0,4,1,0,24,17,117,253,117,253,117,253,117,253,117,253,117,253,0,0,0,46,253,116,210,124,209,124,209,62,208,102,208,232,209,117,253,4,211,152,253,77,228,14,254,240,44,0,4,4,8,24,10,1,0,255,0,4,255,0,8,9,0,0,0,15,31,51,31,17,21,25,1,17,12,33,145,23,3,0,182,146,2,0,0,255,0,0,1,18,0,0,2,1,9,2,185,210,0,2,0,175,64,255,255,1,57,92,0,0,0,0,0,0,0,0,0,0,0,0,0,0,0,46,218,139,219
351,8,1,77,228,4,0,0,210,0,0,163,0,4,1,0,235,51,117,253,117,253,117,253,117,253,117,253,117,253,0,0,0,46,253,116,210,124,209,124,209,62,208,102,208,232,209,117,253,4,211,152,253,77,228,14,254,240,44,0,4,4,8,24,10,1,0,255,0,4,255,0,8,9,0,0,0,15,31,51,31,17,21,25,1,17,12,33,145,23,3,0,182,146,1,0,0,255,0,0,1,18,0,0,2,1,9,2,185,210,0,2,0,95,64,255,255,1,57,92,0,0,0,0,0,0,0,0,0,0,0,0,0,0,0,46,218,139,219
352,5,1,77,227,4,0,0,210,0,-1,164,0,4,1,0,114,84,117,253,117,253,117,253,117,253,117,253,117,253,0,0,0,46,253,116,210,124,209,124,209,82,208,102,208,100,209,107,209,4,211,152,253,77,227,14,254,240,45,0,4,4,8,40,10,1,0,255,0,4,255,0,8,9,0,0,0,15,31,51,31,17,21,25,1,17,12,33,145,23,3,0,182,146,0,0,0,255,0,0,1,18,0,0,2,1,9,2,185,210,0,2,0,223,64,255,255,1,57,92,0,0,0,0,0,0,0,0,0,0,0,0,0,0,0,46,218,139,219
353,13,1,77,226,4,0,0,210,0,-1,165,0,4,1,0,213,252,117,253,117,253,117,253,117,253,117,253,117,253,0,0,0,46,253,116,210,124,209,124,209,82,208,102,208,100,209,107,209,4,211,152,253,77,226,14,254,240,45,0,4,4,8,40,10,1,0,255,0,4,255,0,8,9,0,0,0,15,31,51,31,17,21,25,1,17,12,33,145,23,3,0,182,146,0,0,0,255,0,0,1,18,0,0,2,1,9,2,185,210,0,2,0,223,64,255,255,1,57,92,0,0,0,0,0,0,0,0,0,0,0,0,0,0,0,46,218,139,219
354,6,1,77,226,4,0,0,210,0,0,166,0,4,1,0,187,5,117,253,117,253,117,253,117,253,117,253,117,253,0,0,0,46,253,116,210,124,209,124,209,82,208,102,208,100,209,107,209,4,211,152,253,77,226,14,254,240,45,0,4,4,8,40,10,1,0,255,0,4,255,0,8,9,0,0,0,15,31,51,31,17,21,25,1,17,12,33,145,23,3,0,182,146,0,0,0,255,0,0,1,18,0,0,2,1,9,2,185,210,0,2,0,111,64,255,255,1,57,92,0,0,0,0,0,0,0,0,0,0,0,0,0,0,0,46,218,139,219
355,11,1,77,226,4,0,0,210,0,0,167,0,4,1,0,130,14,117,253,117,253,117,253,117,253,117,253,117,253,0,0,0,46,253,116,210,124,209,124,209,82,208,102,208,100,209,107,209,4,211,152,253,77,226,14,254,240,45,0,4,4,8,40,10,1,0,255,0,4,255,0,8,9,0,0,0,15,31,51,31,17,21,25,1,17,12,33,145,23,3,0,182,146,0,0,0,255,0,0,1,18,0,0,2,1,9,2,185,210,0,2,0,127,64,255,255,1,57,92,0,0,0,0,0,0,0,0,0,0,0,0,0,0,0,46,218,139,219
356,3,1,77,226,4,0,0,210,0,0,168,0,4,1,0,69,19,117,253,117,253,117,253,117,253,117,253,117,253,0,0,0,46,253,104,210,124,209,124,209,62,208,102,208,101,209,108,209,3,211,93,253,77,226,14,254,240,46,0,4,4,8,40,10,1,0,255,0,4,255,0,8,10,0,0,0,15,31,51,31,17,21,25,1,17,12,33,145,23,3,0,182,146,0,0,0,255,0,0,1,18,0,0,2,1,9,2,185,210,0,2,0,127,64,255,255,1,57,92,0,0,0,0,0,0,0,0,0,0,0,0,0,0,0,46,218,139,219
357,2,1,77,227,4,0,0,210,0,1,169,0,4,1,0,8,53,117,253,117,253,117,253,117,253,117,253,117,253,0,0,0,46,253,104,210,124,209,124,209,62,208,102,208,101,209,108,209,3,211,93,253,77,227,14,254,240,46,0,4,4,8,24,10,1,0,255,0,4,255,0,8,10,0,0,0,15,31,51,31,17,21,25,1,17,12,33,145,23,3,0,182,146,0,0,0,255,0,0,1,18,0,0,2,1,9,2,185,210,0,2,0,239,64,255,255,1,57,92,0,0,0,0,0,0,0,0,0,0,0,0,0,0,0,46,218,139,219
358,0,1,77,227,4,0,0,210,0,0,170,0,4,1,0,219,95,117,253,117,253,117,253,117,253,117,253,117,253,0,0,0,46,253,104,210,124,209,124,209,62,208,102,208,101,209,108,209,3,211,93,253,77,227,14,254,240,46,0,4,4,8,24,0,1,0,255,0,4,255,0,8,10,0,0,0,15,31,51,31,17,21,25,1,17,12,33,145,23,3,0,182,146,0,0,0,255,0,0,1,18,0,0,2,1,9,2,185,210,0,2,0,255,64,255,255,1,57,92,0,0,0,0,0,0,0,0,0,0,0,0,0,0,0,46,218,139,219
359,16,1,77,227,4,0,0,210,0,0,171,0,4,1,0,162,224,117,253,117,253,117,253,117,253,117,253,117,253,0,0,0,46,253,104,210,124,209,124,209,62,208,102,208,101,209,108,209,3,211,93,253,77,227,14,254,240,46,0,4,4,8,24,0,1,0,255,0,4,255,0,8,10,0,0,0,15,31,51,31,17,21,25,1,17,12,33,145,23,3,0,182,146,0,0,0,255,0,0,1,18,0,0,2,1,9,2,185,210,0,2,0,95,64,255,255,1,57,92,0,0,0,0,0,0,0,0,0,0,0,0,0,0,0,46,218,139,219
360,14,1,77,227,4,0,0,210,0,0,172,0,4,1,0,170,33,117,253,117,253,117,253,117,253,117,253,117,253,0,0,0,46,253,104,210,124,209,124,209,62,208,102,208,101,209,108,209,3,211,93,253,77,227,14,254,240,47,0,4,4,8,24,0,1,0,255,0,4,255,0,8,10,0,0,0,15,31,51,31,17,21,25,1,17,12,33,145,23,3,0,182,146,0,0,0,255,0,0,1,18,0,0,2,1,9,2,185,210,0,2,0,111,64,255,255,1,57,92,0,0,0,0,0,0,0,0,0,0,0,0,0,0,0,46,218,139,219
361,6,1,77,227,4,0,0,210,0,0,173,0,4,1,0,189,98,117,253,117,253,117,253,117,253,117,253,117,253,0,0,0,46,253,104,210,124,209,124,209,62,208,102,208,101,209,108,209,3,211,93,253,77,227,14,254,240,47,0,4,4,8,24,0,1,0,255,0,4,255,0,8,10,0,0,0,15,31,51,31,17,21,25,1,17,12,33,145,23,3,0,182,146,0,0,0,255,0,0,1,18,0,0,2,1,9,2,185,210,0,2,0,111,64,255,255,1,57,92,0,0,0,0,0,0,0,0,0,0,0,0,0,0,0,46,218,139,219
362,3,1,77,227,4,0,0,210,0,0,174,0,4,1,0,128,167,117,253,117,253,117,253,117,253,117,253,117,253,0,0,0,46,253,104,210,124,209,124,209,62,208,102,208,101,209,108,209,3,211,93,253,77,227,14,254,240,47,0,4,4,8,24,0,1,0,255,0,4,255,0,8,10,0,0,0,15,31,51,31,17,21,25,1,17,12,33,145,23,3,0,182,146,0,0,0,255,0,0,1,18,0,0,2,1,9,2,185,210,0,2,0,127,64,255,255,1,57,92,0,0,0,0,0,0,0,0,0,0,0,0,0,0,0,46,218,139,219
363,15,1,77,227,4,0,0,210,0,0,175,0,4,1,0,68,232,117,253,117,253,117,253,117,253,117,253,117,253,0,0,0,46,253,104,210,124,209,124,209,62,208,102,208,101,209,108,209,3,211,93,253,77,227,14,254,240,47,0,4,4,8,24,0,1,0,255,0,4,255,0,8,10,0,0,0,15,31,51,31,17,21,25,1,17,12,33,145,23,3,0,182,146,0,0,0,255,0,0,1,18,0,0,2,1,9,2,185,210,0,2,0,175,64,255,255,1,57,92,0,0,0,0,0,0,0,0,0,0,0,0,0,0,0,46,218,139,219
364,12,1,77,227,4,0,0,210,0,0,176,0,4,1,0,8,56,117,253,117,253,117,253,117,253,117,253,117,253,0,0,0,46,253,92,210,124,209,124,209,62,208,102,208,100,209,107,209,2,211,152,253,77,227,14,254,240,48,0,4,4,8,24,0,1,0,255,0,4,255,0,8,11,0,0,0,15,31,51,31,17,21,25,1,17,12,33,145,23,3,0,182,146,0,0,0,255,0,0,1,18,0,0,2,1,9,2,185,210,0,2,0,191,64,255,255,1,57,92,0,0,0,0,0,0,0,0,0,0,0,0,0,0,0,46,218,139,219
365,8,1,77,227,4,0,0,210,0,0,177,0,4,1,0,219,72,117,253,117,253,117,253,117,253,117,253,117,253,0,0,0,46,253,92,210,124,209,124,209,62,208,102,208,100,209,107,209,2,211,152,253,77,227,14,254,240,48,0,4,4,8,24,0,1,0,255,0,4,255,0,8,11,0,0,0,15,31,51,31,17,21,25,1,17,12,33,145,23,3,0,182,146,0,0,0,255,0,0,1,18,0,0,2,1,9,2,185,210,0,2,0,95,64,255,255,1,57,92,0,0,0,0,0,0,0,0,0,0,0,0,0,0,0,46,218,139,219
366,6,1,77,227,4,0,0,210,0,0,178,0,4,1,0,162,217,117,253,117,253,117,253,117,253,117,253,117,253,0,0,0,46,253,92,210,124,209,124,209,62,208,102,208,100,209,107,209,2,211,152,253,77,227,14,254,240,48,0,4,4,8,24,0,1,0,255,0,4,255,0,8,11,0,0,0,15,31,51,31,17,21,25,1,17,12,33,145,23,3,0,182,146,0,0,0,255,0,0,1,18,0,0,2,1,9,2,185,210,0,2,0,111,64,255,255,1,57,92,0,0,0,0,0,0,0,0,0,0,0,0,0,0,0,46,218,139,219
367,1,1,77,227,4,0,0,210,0,0,179,0,4,1,0,170,106,117,253,117,253,117,253,117,253,117,253,117,253,0,0,0,46,253,92,210,124,209,124,209,62,208,102,208,100,209,107,209,2,211,152,253,77,227,14,254,240,48,0,4,4,8,24,0,1,0,255,0,4,255,0,8,11,0,0,0,15,31,51,31,17,21,25,1,17,12,33,145,23,3,0,182,146,0,0,0,255,0,0,1,18,0,0,2,1,9,2,185,210,0,2,0,255,64,255,255,1,57,92,0,0,0,0,0,0,0,0,0,0,0,0,0,0,0,46,218,139,219
368,6,1,77,227,4,0,0,210,0,0,180,0,4,1,0,189,191,117,253,117,253,117,253,117,253,117,253,117,253,0,0,0,46,253,92,210,124,209,124,209,62,208,102,208,100,209,107,209,2,211,152,253,77,227,14,254,240,49,0,4,4,8,24,0,1,0,255,0,4,255,0,8,11,0,0,0,15,31,51,31,17,21,25,1,17,12,33,145,23,3,0,182,146,0,0,0,255,0,0,1,18,0,0,2,1,9,2,185,210,0,2,0,111,64,255,255,1,57,92,0,0,0,0,0,0,0,0,0,0,0,0,0,0,0,46,218,139,219
369,4,1,77,227,4,0,0,210,0,0,181,0,4,1,0,131,192,117,253,117,253,117,253,117,253,117,253,117,253,0,0,0,46,253,92,210,124,209,124,209,62,208,102,208,100,209,107,209,2,211,152,253,77,227,14,254,240,49,0,4,4,8,24,0,1,0,255,0,4,255,0,8,11,0,0,0,15,31,51,31,17,21,25,1,17,12,33,145,23,3,0,182,146,0,0,0,255,0,0,1,18,0,0,2,1,9,2,185,210,0,2,0,191,64,255,255,1,57,92,0,0,0,0,0,0,0,0,0,0,0,0,0,0,0,46,218,139,219
370,3,1,77,227,4,0,0,210,0,0,182,0,4,1,0,73,65,117,253,117,253,117,253,117,253,117,253,117,253,0,0,0,46,253,92,210,124,209,124,209,62,208,102,208,100,209,107,209,2,211,152,253,77,227,14,254,240,49,0,4,4,8,24,0,1,0,255,0,4,255,0,8,11,0,0,0,15,31,51,31,17,21,25,1,17,12,33,145,23,3,0,182,146,0,0,0,255,0,0,1,18,0,0,2,1,9,2,185,210,0,2,0,127,64,255,255,1,57,92,0,0,0,0,0,0,0,0,0,0,0,0,0,0,0,46,218,139,219
371,6,1,77,227,4,0,0,210,0,0,183,0,4,1,0,28,195,117,253,117,253,117,253,117,253,117,253,117,253,0,0,0,46,253,92,210,124,209,124,209,62,208,102,208,100,209,107,209,2,211,152,253,77,227,14,254,240,49,0,4,4,8,24,0,1,0,255,0,4,255,0,8,11,0,0,0,15,31,51,31,17,21,25,1,17,12,33,145,23,3,0,182,146,0,0,0,255,0,0,1,18,0,0,2,1,9,2,185,210,0,2,0,111,64,255,255,1,57,92,0,0,0,0,0,0,0,0,0,0,0,0,0,0,0,46,218,139,219
372,14,1,77,227,4,0,0,210,0,0,184,0,4,1,0,224,69,117,253,117,253,117,253,117,253,117,253,117,253,0,0,0,46,253,80,210,124,209,124,209,62,208,102,208,101,209,108,209,1,211,93,253,77,227,14,254,240,50,0,4,4,8,24,0,1,0,255,0,4,255,0,8,12,0,0,0,15,31,51,31,17,21,25,1,17,12,33,145,23,3,0,182,146,0,0,0,255,0,0,1,18,0,0,2,1,9,2,185,210,0,2,0,111,64,255,255,1,57,92,0,0,0,0,0,0,0,0,0,0,0,0,0,0,0,46,218,139,219
373,12,1,77,227,4,0,0,210,0,0,185,0,4,1,0,99,206,117,253,117,253,117,253,117,253,117,253,117,253,0,0,0,46,253,80,210,124,209,124,209,62,208,102,208,101,209,108,209,1,211,93,253,77,227,14,254,240,50,0,4,4,8,24,0,1,0,255,0,4,255,0,8,12,0,0,0,15,31,51,31,17,21,25,1,17,12,33,145,23,3,0,182,146,0,0,0,255,0,0,1,18,0,0,2,1,9,2,185,210,0,2,0,191,64,255,255,1,57,92,0,0,0,0,0,0,0,0,0,0,0,0,0,0,0,46,218,139,219
374,11,1,77,227,4,0,0,210,0,0,186,0,4,1,0,233,82,117,253,117,253,117,253,117,253,117,253,117,253,0,0,0,46,253,80,210,124,209,124,209,62,208,102,208,101,209,108,209,1,211,93,253,77,227,14,254,240,50,0,4,4,8,24,0,1,0,255,0,4,255,0,8,12,0,0,0,15,31,51,31,17,21,25,1,17,12,33,145,23,3,0,182,146,0,0,0,255,0,0,1,18,0,0,2,1,9,2,185,210,0,2,0,127,64,255,255,1,57,92,0,0,0,0,0,0,0,0,0,0,0,0,0,0,0,46,218,139,219
375,17,1,77,227,4,0,0,210,0,0,187,0,4,1,0,124,247,117,253,117,253,117,253,117,253,117,253,117,253,0,0,0,46,253,80,210,124,209,124,209,62,208,102,208,101,209,108,209,1,211,93,253,77,227,14,254,240,50,0,4,4,8,24,0,1,0,255,0,4,255,0,8,12,0,0,0,15,31,51,31,17,21,25,1,17,12,33,145,23,3,0,182,146,0,0,0,255,0,0,1,18,0,0,2,1,9,2,185,210,0,2,0,159,64,255,255,1,57,92,0,0,0,0,0,0,0,0,0,0,0,0,0,0,0,46,218,139,219
376,4,1,77,227,4,0,0,210,0,0,188,0,4,1,0,192,25,117,253,117,253,117,253,117,253,117,253,117,253,0,0,0,46,253,80,210,124,209,124,209,62,208,102,208,101,209,108,209,1,211,93,253,77,227,14,254,240,51,0,4,4,8,24,0,1,0,255,0,4,255,0,8,12,0,0,0,15,31,51,31,17,21,25,1,17,12,33,145,23,3,0,182,146,0,0,0,255,0,0,1,18,0,0,2,1,9,2,185,210,0,2,0,191,64,255,255,1,57,92,0,0,0,0,0,0,0,0,0,0,0,0,0,0,0,46,218,139,219
377,3,1,77,227,4,0,0,210,0,0,189,0,4,1,0,131,42,117,253,117,253,117,253,117,253,117,253,117,253,0,0,0,46,253,80,210,124,209,124,209,62,208,102,208,101,209,108,209,1,211,93,253,77,227,14,254,240,51,0,4,4,8,24,0,1,0,255,0,4,255,0,8,12,0,0,0,15,31,51,31,17,21,25,1,17,12,33,145,23,3,0,182,146,0,0,0,255,0,0,1,18,0,0,2,1,9,2,185,210,0,2,0,127,64,255,255,1,57,92,0,0,0,0,0,0,0,0,0,0,0,0,0,0,0,46,218,139,219
378,15,1,77,227,4,0,0,210,0,0,190,0,4,1,0,74,127,117,253,117,253,117,253,117,253,117,253,117,253,0,0,0,46,253,80,210,124,209,124,209,62,208,102,208,101,209,108,209,1,211,93,253,77,227,14,254,240,51,0,4,4,8,24,0,1,0,255,0,4,255,0,8,12,0,0,0,15,31,51,31,17,21,25,1,17,12,33,145,23,3,0,182,146,0,0,0,255,0,0,1,18,0,0,2,1,9,2,185,210,0,2,0,175,64,255,255,1,57,92,0,0,0,0,0,0,0,0,0,0,0,0,0,0,0,46,218,139,219
379,4,1,77,227,4,0,0,210,0,0,191,0,4,1,0,29,129,117,253,117,253,117,253,117,253,117,253,117,253,0,0,0,46,253,80,210,124,209,124,209,62,208,102,208,101,209,108,209,1,211,93,253,77,227,14,254,240,51,0,4,4,8,24,0,1,0,255,0,4,255,0,8,12,0,0,0,15,31,51,31,17,21,25,1,17,12,33,145,23,3,0,182,146,0,0,0,255,0,0,1,18,0,0,2,1,9,2,185,210,0,2,0,191,64,255,255,1,57,92,0,0,0,0,0,0,0,0,0,0,0,0,0,0,0,46,218,139,219
380,12,1,77,227,4,0,0,210,0,0,192,0,4,1,0,227,131,117,253,117,253,117,253,117,253,117,253,117,253,0,0,0,46,253,68,210,124,209,124,209,62,208,102,208,100,209,107,209,4,211,152,253,77,227,14,254,240,52,0,4,4,8,24,0,1,0,255,0,4,255,0,8,13,0,0,0,15,31,51,31,17,21,25,1,17,12,33,145,23,3,0,182,146,0,0,0,255,0,0,1,18,0,0,2,1,9,2,185,210,0,2,0,191,64,255,255,1,57,92,0,0,0,0,0,0,0,0,0,0,0,0,0,0,0,46,218,139,219
381,13,1,77,226,4,0,0,210,0,-1,193,0,4,1,0,105,132,117,253,117,253,117,253,117,253,117,253,117,253,0,0,0,46,253,68,210,124,209,124,209,62,208,102,208,100,209,107,209,4,211,152,253,77,226,14,254,240,52,0,4,4,8,40,10,1,0,255,0,4,255,0,8,13,0,0,0,15,31,51,31,17,21,25,1,17,12,33,145,23,3,0,182,146,0,0,0,255,0,0,1,18,0,0,2,1,9,2,185,210,0,2,0,223,64,255,255,1,57,92,0,0,0,0,0,0,0,0,0,0,0,0,0,0,0,46,218,139,219
382,16,1,77,226,4,0,0,210,0,0,194,0,4,1,0,255,140,117,253,117,253,117,253,117,253,117,253,117,253,0,0,0,46,253,68,210,124,209,124,209,62,208,102,208,100,209,107,209,4,211,152,253,77,226,14,254,240,52,0,4,4,8,40,10,1,0,255,0,4,255,0,8,13,0,0,0,15,31,51,31,17,21,25,1,17,12,33,145,23,3,0,182,146,0,0,0,255,0,0,1,18,0,0,2,1,9,2,185,210,0,2,0,95,64,255,255,1,57,92,0,0,0,0,0,0,0,0,0,0,0,0,0,0,0,46,218,139,219
383,15,1,77,226,4,0,0,210,0,0,195,0,4,1,0,61,149,117,253,117,253,117,253,117,253,117,253,117,253,0,0,0,46,253,68,210,124,209,124,209,62,208,102,208,100,209,107,209,4,211,152,253,77,226,14,254,240,52,0,4,4,8,40,10,1,0,255,0,4,255,0,8,13,0,0,0,15,31,51,31,17,21,25,1,17,12,33,145,23,3,0,182,146,0,0,0,255,0,0,1,18,0,0,2,1,9,2,185,210,0,2,0,175,64,255,255,1,57,92,0,0,0,0,0,0,0,0,0,0,0,0,0,0,0,46,218,139,219
384,10,1,77,227,4,0,0,210,0,1,196,0,4,1,0,3,191,117,253,117,253,117,253,117,253,117,253,117,253,0,0,0,46,253,68,210,124,209,124,209,82,208,102,208,100,209,107,209,4,211,152,253,77,227,14,254,240,53,0,4,4,8,24,10,1,0,255,0,4,255,0,8,13,0,0,0,15,31,51,31,17,21,25,1,17,12,33,145,23,3,0,182,146,0,0,0,255,0,0,1,18,0,0,2,1,9,2,185,210,0,2,0,239,64,255,255,1,57,92,0,0,0,0,0,0,0,0,0,0,0,0,0,0,0,46,218,139,219
385,15,1,77,227,4,0,0,210,0,0,197,0,4,1,0,201,193,117,253,117,253,117,253,117,253,117,253,117,253,0,0,0,46,253,68,210,124,209,124,209,82,208,102,208,100,209,107,209,4,211,152,253,77,227,14,254,240,53,0,4,4,8,24,10,1,0,255,0,4,255,0,8,13,0,0,0,15,31,51,31,17,21,25,1,17,12,33,145,23,3,0,182,146,0,0,0,255,0,0,1,18,0,0,2,1,9,2,185,210,0,2,0,175,64,255,255,1,57,92,0,0,0,0,0,0,0,0,0,0,0,0,0,0,0,46,218,139,219
386,15,1,77,227,4,0,0,210,0,0,198,0,4,1,0,159,66,117,253,117,253,117,253,117,253,117,253,117,253,0,0,0,46,253,68,210,124,209,124,209,82,208,102,208,100,209,107,209,4,211,152,253,77,227,14,254,240,53,0,4,4,8,24,10,1,0,255,0,4,255,0,8,13,0,0,0,15,31,51,31,17,21,25,1,17,12,33,145,23,3,0,182,146,0,0,0,255,0,0,1,18,0,0,2,1,9,2,185,210,0,2,0,175,64,255,255,1,57,92,0,0,0,0,0,0,0,0,0,0,0,0,0,0,0,46,218,139,219
387,6,1,77,227,4,0,0,210,0,0,199,0,4,1,0,158,199,117,253,117,253,117,253,117,253,117,253,117,253,0,0,0,46,253,68,210,124,209,124,209,82,208,102,208,100,209,107,209,4,211,152,253,77,227,14,254,240,53,0,4,4,8,24,10,1,0,255,0,4,255,0,8,13,0,0,0,15,31,51,31,17,21,25,1,17,12,33,145,23,3,0,182,146,0,0,0,255,0,0,1,18,0,0,2,1,9,2,185,210,0,2,0,111,64,255,255,1,57,92,0,0,0,0,0,0,0,0,0,0,0,0,0,0,0,46,218,139,219
388,17,1,77,227,4,0,0,210,0,0,200,0,4,1,0,158,72,117,253,117,253,117,253,117,253,117,253,117,253,0,0,0,46,253,56,210,124,209,124,209,62,208,102,208,101,209,108,209,3,211,93,253,77,227,14,254,240,54,0,4,4,8,24,10,1,0,255,0,4,255,0,8,14,0,0,0,15,31,51,31,17,21,25,1,17,12,33,145,23,3,0,182,146,0,0,0,255,0,0,1,18,0,0,2,1,9,2,185,210,0,2,0,159,64,255,255,1,57,92,0,0,0,0,0,0,0,0,0,0,0,0,0,0,0,46,218,139,219
389,7,1,77,227,4,0,0,210,0,0,201,0,4,1,0,97,217,117,253,117,253,117,253,117,253,117,253,117,253,0,0,0,46,253,56,210,124,209,124,209,62,208,102,208,101,209,108,209,3,211,93,253,77,227,14,254,240,54,0,4,4,8,24,10,1,0,255,0,4,255,0,8,14,0,0,0,15,31,51,31,17,21,25,1,17,12,33,145,23,3,0,182,146,0,0,0,255,0,0,1,18,0,0,2,1,9,2,185,210,0,2,0,175,64,255,255,1,57,92,0,0,0,0,0,0,0,0,0,0,0,0,0,0,0,46,218,139,219
390,0,1,77,227,4,0,0,210,0,0,202,0,4,1,0,231,107,117,253,117,253,117,253,117,253,117,253,117,253,0,0,0,46,253,56,210,124,209,124,209,62,208,102,208,101,209,108,209,3,211,93,253,77,227,14,254,240,54,0,4,4,8,24,0,1,0,255,0,4,255,0,8,14,0,0,0,15,31,51,31,17,21,25,1,17,12,33,145,23,3,0,182,146,0,0,0,255,0,0,1,18,0,0,2,1,9,2,185,210,0,2,0,255,64,255,255,1,57,92,0,0,0,0,0,0,0,0,0,0,0,0,0,0,0,46,218,139,219
391,10,1,77,228,4,0,0,210,0,1,203,0,4,1,0,118,188,117,253,117,253,117,253,117,253,117,253,117,253,0,0,0,46,253,56,210,124,209,124,209,62,208,102,208,101,209,108,209,3,211,93,253,77,228,14,254,240,54,0,4,4,8,24,10,1,0,255,0,4,255,0,8,14,0,0,0,15,31,51,31,17,21,25,1,17,12,33,145,23,3,0,182,146,0,0,0,255,0,0,1,18,0,0,2,1,9,2,185,210,0,2,0,239,64,255,255,1,57,92,0,0,0,0,0,0,0,0,0,0,0,0,0,0,0,46,218,139,219
392,10,1,77,229,4,0,0,210,0,1,204,0,4,1,0,198,196,117,253,117,253,117,253,117,253,117,253,117,253,0,0,0,46,253,56,210,124,209,124,209,82,208,102,208,101,209,108,209,3,211,93,253,77,229,14,254,240,55,0,4,4,8,24,10,1,0,255,0,4,255,0,8,14,0,0,0,15,31,51,31,17,21,25,1,17,12,33,145,23,3,0,182,146,0,0,0,255,0,0,1,18,0,0,2,1,9,2,185,210,0,2,0,239,64,255,255,1,57,92,0,0,0,0,0,0,0,0,0,0,0,0,0,0,0,46,218,139,219
393,10,1,77,230,4,0,0,210,0,1,205,0,4,1,0,150,77,117,253,117,253,117,253,117,253,117,253,117,253,0,0,0,46,253,56,210,124,209,124,209,82,208,102,208,101,209,108,209,3,211,93,253,77,230,14,254,240,55,0,4,4,8,24,10,1,0,255,0,4,255,0,8,14,0,0,0,15,31,51,31,17,21,25,1,17,12,33,145,23,3,0,182,146,0,0,0,255,0,0,1,18,0,0,2,1,9,2,185,210,0,2,0,239,64,255,255,1,57,92,0,0,0,0,0,0,0,0,0,0,0,0,0,0,0,46,218,139,219
394,1,1,77,230,4,0,0,210,0,0,206,0,4,1,0,121,214,117,253,117,253,117,253,117,253,117,253,117,253,0,0,0,46,253,56,210,124,209,124,209,82,208,102,208,101,209,108,209,3,211,93,253,77,230,14,254,240,55,0,4,4,8,24,0,1,0,255,0,4,255,0,8,14,0,0,0,15,31,51,31,17,21,25,1,17,12,33,145,23,3,0,182,146,0,0,0,255,0,0,1,18,0,0,0,0,9,0,185,210,0,2,0,255,64,255,255,1,57,92,0,0,0,0,0,0,0,0,0,0,0,0,0,0,0,46,218,139,219
395,16,1,77,235,4,0,0,210,0,5,207,0,4,1,0,207,122,117,253,117,253,117,253,117,253,117,253,117,253,0,0,0,46,253,56,210,124,209,124,209,62,208,102,208,101,209,108,209,3,211,93,253,77,235,14,254,240,55,0,4,4,8,24,18,1,0,255,0,4,255,0,8,14,0,0,0,15,31,51,31,17,21,25,1,17,12,33,145,23,3,0,182,146,0,0,0,255,0,0,1,18,0,0,0,0,9,0,185,210,0,2,0,95,64,255,255,1,57,92,0,0,0,0,0,0,0,0,0,0,0,0,0,0,0,46,218,139,219
396,4,1,76,235,4,0,0,210,-1,0,208,0,4,1,0,174,143,117,253,117,253,117,253,117,253,117,253,117,253,0,0,0,46,253,40,210,124,209,124,209,0,208,21,208,100,209,107,209,2,211,152,253,76,235,14,254,240,56,0,4,4,8,72,18,0,0,0,0,4,255,0,8,15,0,0,0,15,31,51,31,17,21,25,1,17,12,33,145,23,3,0,182,146,0,0,0,255,0,0,77,18,0,0,0,0,9,0,185,210,0,2,0,191,64,255,255,1,23,92,0,0,14,0,0,0,0,0,0,0,0,0,0,0,0,46,218,139,219
397,8,1,77,235,4,0,0,210,1,0,209,0,4,1,0,142,144,117,253,117,253,117,253,117,253,117,253,117,253,0,0,0,46,253,40,210,124,209,124,209,0,208,21,208,100,209,107,209,2,211,152,253,77,235,14,254,240,56,0,4,4,8,128,18,0,0,0,0,4,255,0,8,15,0,0,0,15,31,51,31,17,21,25,1,17,12,33,145,23,3,0,182,146,0,0,0,255,0,0,76,19,0,0,0,0,9,0,185,210,0,2,0,95,128,255,255,1,24,92,0,0,14,0,0,0,0,0,0,0,0,0,0,0,0,46,218,139,219
398,4,1,76,235,4,0,0,210,-1,0,210,0,4,1,0,110,177,117,253,117,253,117,253,117,253,117,253,117,253,0,0,0,46,253,40,210,124,209,124,209,0,208,21,208,100,209,107,209,2,211,152,253,76,235,14,254,240,56,0,4,4,8,72,18,0,0,0,0,4,255,0,8,15,0,0,0,15,31,51,31,17,21,25,1,17,12,33,145,23,3,0,182,146,0,0,0,255,0,0,77,19,0,0,0,0,9,0,185,210,0,2,0,191,64,255,255,1,25,92,1,0,14,0,0,0,0,0,0,0,0,0,0,0,0,46,218,139,219
399,12,1,76,235,4,0,0,210,0,0,211,0,4,1,0,206,211,117,253,117,253,117,253,117,253,117,253,117,253,0,0,0,46,253,40,210,124,209,124,209,0,208,21,208,100,209,107,209,2,211,152,253,76,235,14,254,240,56,0,4,4,8,76,6,0,0,255,0,4,255,0,8,15,0,0,0,15,31,51,31,17,21,25,1,17,12,33,145,23,3,0,182,146,0,0,0,19,2,0,1,19,0,0,0,0,9,0,185,210,0,2,0,191,64,255,255,1,49,92,0,0,28,0,0,0,0,0,0,0,0,0,0,0,0,46,218,139,219
400,9,1,75,238,4,0,0,210,-1,3,212,0,4,1,0,174,116,117,253,117,253,117,253,117,253,117,253,117,253,0,0,0,46,253,40,210,124,209,124,209,165,208,21,208,100,209,107,209,2,211,152,253,75,238,14,254,240,57,0,4,4,8,76,6,0,0,255,0,4,255,0,8,15,0,0,0,15,31,51,31,17,21,25,1,17,12,33,145,23,3,0,182,146,0,0,0,18,2,0,76,19,0,0,0,0,9,0,185,210,0,2,0,159,64,255,255,1,50,92,0,0,28,0,0,0,0,0,0,0,0,0,0,0,0,46,218,139,219
401,15,1,74,241,4,0,0,210,-1,3,213,0,4,1,0,177,157,117,253,117,253,117,253,117,253,117,253,117,253,0,0,0,46,253,40,210,124,209,124,209,165,208,21,208,100,209,107,209,2,211,152,253,74,241,14,254,240,57,0,4,4,8,76,6,0,0,255,0,4,255,0,8,15,0,0,0,15,31,51,31,17,21,25,1,17,12,33,145,23,3,0,182,146,0,0,0,17,2,0,75,19,0,0,0,0,9,0,185,210,0,2,0,175,64,255,255,1,51,92,0,0,28,0,0,0,0,0,0,0,0,0,0,0,0,46,218,139,219
402,2,1,73,244,4,0,0,210,-1,3,214,0,4,1,0,151,166,117,253,117,253,117,253,117,253,117,253,117,253,0,0,0,46,253,40,210,124,209,124,209,165,208,21,208,100,209,107,209,2,211,152,253,73,244,14,254,240,57,0,4,4,8,76,6,0,0,255,0,4,255,0,8,15,0,0,0,15,31,51,31,17,21,25,1,17,12,33,145,23,3,0,182,146,0,0,0,16,2,0,74,19,0,0,0,0,9,0,185,210,0,2,0,239,64,255,255,1,52,92,0,0,28,0,0,0,0,0,0,0,0,0,0,0,0,46,218,139,219
403,2,1,72,246,4,0,0,210,-1,2,215,0,4,1,0,101,235,117,253,117,253,117,253,117,253,117,253,117,253,0,0,0,46,253,40,210,124,209,124,209,165,208,21,208,100,209,107,209,2,211,152,253,72,246,14,254,240,57,0,4,4,8,76,6,0,0,255,0,4,255,0,8,15,0,0,0,15,31,51,31,17,21,25,1,17,12,33,145,23,3,0,182,146,0,0,0,15,2,0,73,19,0,0,0,0,9,0,185,210,0,2,0,239,64,255,255,1,53,92,0,0,28,0,0,0,0,0,0,0,0,0,0,0,0,46,218,139,219
404,16,1,71,248,4,0,0,210,-1,2,216,0,4,1,0,235,61,117,253,117,253,117,253,117,253,117,253,117,253,0,0,0,46,253,23,210,124,209,124,209,165,208,21,208,101,209,108,209,1,211,93,253,71,248,14,254,240,58,0,4,4,8,76,6,0,0,255,0,4,255,0,0,0,0,0,0,15,31,51,31,17,21,25,1,17,12,33,145,23,3,0,182,146,0,0,0,14,2,0,72,19,0,0,0,0,9,0,185,210,0,2,0,95,64,255,255,1,54,92,0,0,28,0,0,0,0,0,0,0,0,0,0,0,0,46,218,139,219
405,1,1,70,250,4,0,0,210,-1,2,217,0,4,1,0,114,70,117,253,117,253,117,253,117,253,117,253,117,253,0,0,0,46,253,23,210,124,209,124,209,165,208,21,208,101,209,108,209,1,211,93,253,70,250,14,254,240,58,0,4,4,8,76,6,0,0,255,0,4,255,0,0,0,0,0,0,15,31,51,31,17,21,25,1,17,12,33,145,23,3,0,182,146,0,0,0,13,2,0,71,19,0,0,0,0,9,0,185,210,0,2,0,255,64,255,255,1,55,92,0,0,28,0,0,0,0,0,0,0,0,0,0,0,0,46,218,139,219
406,2,1,69,251,4,0,0,210,-1,1,218,0,4,1,0,213,202,117,253,117,253,117,253,117,253,117,253,117,253,0,0,0,46,253,23,210,124,209,124,209,165,208,21,208,101,209,108,209,1,211,93,253,69,251,14,254,240,58,0,4,4,8,76,6,0,0,255,0,4,255,0,0,0,0,0,0,15,31,51,31,17,21,25,1,17,12,33,145,23,3,0,182,146,0,0,0,12,2,0,70,19,0,0,0,0,9,0,185,210,0,2,0,239,64,255,255,1,56,92,0,0,28,0,0,0,0,0,0,0,0,0,0,0,0,46,218,139,219
407,7,1,68,252,4,0,0,210,-1,1,219,0,4,1,0,187,95,117,253,117,253,117,253,117,253,117,253,117,253,0,0,0,46,253,23,210,124,209,124,209,165,208,21,208,101,209,108,209,1,211,93,253,68,252,14,254,240,58,0,4,4,8,76,6,0,0,255,0,4,255,0,0,0,0,0,0,15,31,51,31,17,21,25,1,17,12,33,145,23,3,0,182,146,0,0,0,11,2,0,69,19,0,0,0,0,9,0,185,210,0,2,0,175,64,255,255,1,57,92,0,0,28,0,0,0,0,0,0,0,0,0,0,0,0,46,218,139,219
408,4,1,67,252,4,0,0,210,-1,0,220,0,4,1,0,130,224,117,253,117,253,117,253,117,253,117,253,117,253,0,0,0,46,253,23,210,124,209,124,209,165,208,21,208,101,209,108,209,1,211,93,253,67,252,14,254,240,59,0,4,4,8,76,6,0,0,255,0,4,255,0,0,0,0,0,0,15,31,51,31,17,21,25,1,17,12,33,145,23,3,0,182,146,0,0,0,10,2,0,68,19,0,0,0,0,9,0,185,210,0,2,0,191,64,255,255,1,57,92,0,0,0,0,0,0,0,0,0,0,0,0,0,0,0,46,218,139,219
409,1,1,66,252,4,0,0,210,-1,0,221,0,4,1,0,74,33,117,253,117,253,117,253,117,253,117,253,117,253,0,0,0,46,253,23,210,124,209,124,209,165,208,21,208,101,209,108,209,1,211,93,253,66,252,14,254,240,59,0,4,4,8,76,6,0,0,255,0,4,255,0,0,0,0,0,0,15,31,51,31,17,21,25,1,17,12,33,145,23,3,0,182,146,0,0,0,9,2,0,67,19,0,0,0,0,9,0,185,210,0,2,0,255,64,255,255,1,57,92,0,0,0,0,0,0,0,0,0,0,0,0,0,0,0,46,218,139,219
410,9,1,65,252,4,0,0,210,-1,0,222,0,4,1,0,29,99,117,253,117,253,117,253,117,253,117,253,117,253,0,0,0,46,253,23,210,124,209,124,209,165,208,21,208,101,209,108,209,1,211,93,253,65,252,14,254,240,59,0,4,4,8,76,6,0,0,255,0,4,255,0,0,0,0,0,0,15,31,51,31,17,21,25,1,17,12,33,145,23,3,0,182,146,0,0,0,8,2,0,66,19,0,0,0,0,9,0,185,210,0,2,0,159,64,255,255,1,57,92,0,0,0,0,0,0,0,0,0,0,0,0,0,0,0,46,218,139,219
411,0,1,64,252,4,0,0,210,-1,0,223,0,4,1,0,224,165,117,253,117,253,117,253,117,253,117,253,117,253,0,0,0,46,253,23,210,124,209,124,209,165,208,21,208,101,209,108,209,1,211,93,253,64,252,14,254,240,59,0,4,4,8,76,6,0,0,255,0,4,255,0,0,0,0,0,0,15,31,51,31,17,21,25,1,17,12,33,145,23,3,0,182,146,0,0,0,7,2,0,65,19,0,0,0,0,9,0,185,210,0,2,0,255,64,255,255,1,57,92,0,0,0,0,0,0,0,0,0,0,0,0,0,0,0,46,218,139,219
412,14,1,63,251,4,0,0,210,-1,-1,224,0,4,1,0,100,238,117,253,117,253,117,253,117,253,117,253,117,253,0,0,0,46,253,40,210,124,209,124,209,165,208,21,208,100,209,107,209,4,211,152,253,63,251,14,254,240,60,0,4,4,8,76,6,0,0,255,0,4,255,0,0,1,0,0,0,15,31,51,31,17,21,25,1,17,12,33,145,23,3,0,182,146,0,0,0,6,2,0,64,19,0,0,0,0,9,0,185,210,0,2,0,111,64,255,255,1,57,92,0,0,0,0,0,0,0,0,0,0,0,0,0,0,0,46,218,139,219
413,10,1,62,250,4,0,0,210,-1,-1,225,0,4,1,0,232,50,117,253,117,253,117,253,117,253,117,253,117,253,0,0,0,46,253,40,210,124,209,124,209,165,208,21,208,100,209,107,209,4,211,152,253,62,250,14,254,240,60,0,4,4,8,76,6,0,0,255,0,4,255,0,0,1,0,0,0,15,31,51,31,17,21,25,1,17,12,33,145,23,3,0,182,146,0,0,0,5,2,0,63,19,0,0,0,0,9,0,185,210,0,2,0,239,64,255,255,1,57,92,0,0,0,0,0,0,0,0,0,0,0,0,0,0,0,46,218,139,219
414,5,1,61,248,4,0,0,210,-1,-2,226,0,4,1,0,123,87,117,253,117,253,117,253,117,253,117,253,117,253,0,0,0,46,253,40,210,124,209,124,209,165,208,21,208,100,209,107,209,4,211,152,253,61,248,14,254,240,60,0,4,4,8,76,6,0,0,255,0,4,255,0,0,1,0,0,0,15,31,51,31,17,21,25,1,17,12,33,145,23,3,0,182,146,0,0,0,4,2,0,62,19,0,0,0,0,9,0,185,210,0,2,0,223,64,255,255,1,57,92,0,0,0,0,0,0,0,0,0,0,0,0,0,0,0,46,218,139,219
415,4,1,60,246,4,0,0,210,-1,-2,227,0,4,1,0,194,249,117,253,117,253,117,253,117,253,117,253,117,253,0,0,0,46,253,40,210,124,209,124,209,165,208,21,208,100,209,107,209,4,211,152,253,60,246,14,254,240,60,0,4,4,8,76,6,0,0,255,0,4,255,0,0,1,0,0,0,15,31,51,31,17,21,25,1,17,12,33,145,23,3,0,182,146,0,0,0,3,2,0,61,19,0,0,0,0,9,0,185,210,0,2,0,191,64,255,255,1,57,92,0,0,0,0,0,0,0,0,0,0,0,0,0,0,0,46,218,139,219
416,14,1,59,244,4,0,0,210,-1,-2,228,0,4,1,0,138,10,117,253,117,253,117,253,117,253,117,253,117,253,0,0,0,46,253,40,210,124,209,124,209,165,208,21,208,100,209,107,209,4,211,152,253,59,244,14,254,240,61,0,4,4,8,76,6,0,0,255,0,4,255,0,0,1,0,0,0,15,31,51,31,17,21,25,1,17,12,33,145,23,3,0,182,146,0,0,0,2,2,0,60,19,0,0,0,0,9,0,185,210,0,2,0,111,64,255,255,1,57,92,0,0,0,0,0,0,0,0,0,0,0,0,0,0,0,46,218,139,219
417,11,1,58,241,4,0,0,210,-1,-3,229,0,4,1,0,93,31,117,253,117,253,117,253,117,253,117,253,117,253,0,0,0,46,253,40,210,124,209,124,209,165,208,21,208,100,209,107,209,4,211,152,253,58,241,14,254,240,61,0,4,4,8,76,6,0,0,255,0,4,255,0,0,1,0,0,0,15,31,51,31,17,21,25,1,17,12,33,145,23,3,0,182,146,0,0,0,1,2,0,59,19,0,0,0,0,9,0,185,210,0,2,0,127,64,255,255,1,57,92,0,0,0,0,0,0,0,0,0,0,0,0,0,0,0,46,218,139,219
418,16,1,57,238,4,0,0,210,-1,-3,230,0,4,1,0,32,33,117,253,117,253,117,253,117,253,117,253,117,253,0,0,0,46,253,40,210,124,209,124,209,165,208,21,208,100,209,107,209,4,211,152,253,57,238,14,254,240,61,0,4,4,8,76,6,0,0,255,0,4,255,0,0,1,0,0,0,15,31,51,31,17,21,25,1,17,12,33,145,23,3,0,182,146,0,0,0,0,2,0,58,19,0,0,0,0,9,0,185,210,0,2,0,95,64,255,255,1,57,92,0,0,0,0,0,0,0,0,0,0,0,0,0,0,0,46,218,139,219
419,12,1,57,235,4,0,0,210,0,-3,231,0,7,1,0,36,99,117,253,117,253,117,253,117,253,117,253,117,253,0,0,0,46,253,40,210,124,209,124,209,165,208,21,208,100,209,107,209,4,211,152,253,57,235,14,254,240,61,0,4,4,8,76,8,0,0,255,0,4,255,0,0,1,0,0,0,15,31,51,31,17,21,25,1,17,12,33,145,23,3,0,182,146,0,0,0,255,2,0,1,19,11,0,0,0,9,0,185,210,0,2,0,191,64,255,255,1,57,92,0,0,0,0,0,0,0,0,0,0,0,0,0,0,0,46,218,139,219
420,16,1,56,233,4,0,0,210,-1,-2,232,0,7,1,0,40,165,117,253,117,253,117,253,117,253,117,253,117,253,0,0,0,46,253,56,210,124,209,124,209,0,208,21,208,101,209,108,209,3,211,93,253,56,233,14,254,240,62,0,4,4,8,76,6,0,0,255,0,4,255,0,0,2,0,0,0,15,31,51,31,17,21,25,1,17,12,33,145,23,3,0,182,146,0,0,0,255,2,1,0,19,0,0,0,0,9,0,185,210,0,2,0,95,64,255,255,1,57,92,0,0,0,0,0,0,0,0,0,0,0,0,0,0,0,46,218,124,182
421,16,1,56,231,4,0,0,210,0,-2,233,0,7,1,0,61,239,117,253,117,253,117,253,117,253,117,253,117,253,0,0,0,46,253,56,210,124,209,124,209,165,208,21,208,101,209,108,209,3,211,93,253,56,231,14,254,240,62,0,4,4,8,76,6,0,0,255,0,4,255,0,0,2,0,0,0,15,31,51,31,17,21,25,1,17,12,33,145,23,3,0,182,146,0,0,0,255,2,2,0,19,0,0,0,0,9,0,185,210,0,2,0,95,64,255,255,1,57,92,0,0,0,0,0,0,0,0,0,0,0,0,0,0,0,46,218,124,182
422,1,1,55,229,4,0,0,210,-1,-2,234,0,7,1,0,2,49,117,253,117,253,117,253,117,253,117,253,117,253,0,0,0,46,253,56,210,124,209,124,209,165,208,21,208,101,209,108,209,3,211,93,253,55,229,14,254,240,62,0,4,4,8,76,6,0,0,255,0,4,255,0,0,2,0,0,0,15,31,51,31,17,21,25,1,17,12,33,145,23,3,0,182,146,0,0,0,255,2,3,0,19,0,0,0,0,9,0,185,210,0,2,0,255,64,255,255,1,57,92,0,0,0,0,0,0,0,0,0,0,0,0,0,0,0,46,218,124,182
423,2,1,55,227,4,0,0,210,0,-2,235,0,7,1,0,202,83,117,253,117,253,117,253,117,253,117,253,117,253,0,0,0,46,253,56,210,124,209,124,209,165,208,21,208,101,209,108,209,3,211,93,253,55,227,14,254,240,62,0,4,4,8,76,6,0,0,255,0,4,255,0,0,2,0,0,0,15,31,51,31,17,21,25,1,17,12,33,145,23,3,0,182,146,0,0,0,255,2,4,0,19,0,0,0,0,9,0,185,210,0,2,0,239,64,255,255,1,57,92,0,0,0,0,0,0,0,0,0,0,0,0,0,0,0,46,218,124,182
424,16,1,54,225,4,0,0,210,-1,-2,236,0,7,1,0,146,244,117,253,117,253,117,253,117,253,117,253,117,253,0,0,0,46,253,56,210,124,209,124,209,165,208,21,208,101,209,108,209,3,211,93,253,54,225,14,254,240,63,0,4,4,8,76,6,0,0,255,0,4,255,0,0,2,0,0,0,15,31,51,31,17,21,25,1,17,12,33,145,23,3,0,182,146,0,0,0,255,2,5,0,19,0,0,0,0,9,0,185,210,0,2,0,95,64,255,255,1,57,92,0,0,0,0,0,0,0,0,0,0,0,0,0,0,0,46,218,124,182
425,2,1,54,223,4,0,0,210,0,-2,237,0,7,1,0,123,29,117,253,117,253,117,253,117,253,117,253,117,253,0,0,0,46,253,56,210,124,209,124,209,165,208,21,208,101,209,108,209,3,211,93,253,54,223,14,254,240,63,0,4,4,8,76,6,0,0,255,0,4,255,0,0,2,0,0,0,15,31,51,31,17,21,25,1,17,12,33,145,23,3,0,182,146,0,0,0,255,2,6,0,19,0,0,0,0,9,0,185,210,0,2,0,239,64,255,255,1,57,92,0,0,0,0,0,0,0,0,0,0,0,0,0,0,0,46,218,124,182
426,13,1,53,221,4,0,0,210,-1,-2,238,0,7,1,0,193,39,117,253,117,253,117,253,117,253,117,253,117,253,0,0,0,46,253,56,210,124,209,124,209,165,208,21,208,101,209,108,209,3,211,93,253,53,221,14,254,240,63,0,4,4,8,76,6,0,0,255,0,4,255,0,0,2,0,0,0,15,31,51,31,17,21,25,1,17,12,33,145,23,3,0,182,146,0,0,0,255,2,7,0,19,0,0,0,0,9,0,185,210,0,2,0,223,64,255,255,1,57,92,0,0,0,0,0,0,0,0,0,0,0,0,0,0,0,46,218,124,182
427,6,1,53,219,4,0,0,210,0,-2,239,0,7,1,0,135,104,117,253,117,253,117,253,117,253,117,253,117,253,0,0,0,46,253,56,210,124,209,124,209,165,208,21,208,101,209,108,209,3,211,93,253,53,219,14,254,240,63,0,4,4,8,76,6,0,0,255,0,4,255,0,0,2,0,0,0,15,31,51,31,17,21,25,1,17,12,33,145,23,3,0,182,146,0,0,0,255,2,8,0,19,0,0,0,0,9,0,185,210,0,2,0,111,64,255,255,1,57,92,0,0,0,0,0,0,0,0,0,0,0,0,0,0,0,46,218,124,182
428,9,1,52,217,4,0,0,210,-1,-2,240,0,7,1,0,85,185,117,253,117,253,117,253,117,253,117,253,117,253,0,0,0,46,253,68,210,124,209,124,209,165,208,21,208,100,209,107,209,2,211,152,253,52,217,14,254,240,64,0,4,4,8,76,6,0,0,255,0,4,255,0,0,3,0,0,0,15,31,51,31,17,21,25,1,17,12,33,145,23,3,0,182,146,0,0,0,255,2,9,0,19,0,0,0,0,9,0,185,210,0,2,0,159,64,255,255,1,57,92,0,0,0,0,0,0,0,0,0,0,0,0,0,0,0,46,218,124,182
429,17,1,52,215,4,0,0,210,0,-2,241,0,7,1,0,58,203,117,253,117,253,117,253,117,253,117,253,117,253,0,0,0,46,253,68,210,124,209,124,209,165,208,21,208,100,209,107,209,2,211,152,253,52,215,14,254,240,64,0,4,4,8,76,6,0,0,255,0,4,255,0,0,3,0,0,0,15,31,51,31,17,21,25,1,17,12,33,145,23,3,0,182,146,0,0,0,255,2,10,0,19,0,0,0,0,9,0,185,210,0,2,0,159,64,255,255,1,57,92,0,0,0,0,0,0,0,0,0,0,0,0,0,0,0,46,218,124,182
430,13,1,51,213,4,0,0,210,-1,-2,242,0,7,1,0,3,93,117,253,117,253,117,253,117,253,117,253,117,253,0,0,0,46,253,68,210,124,209,124,209,165,208,21,208,100,209,107,209,2,211,152,253,51,213,14,254,240,64,0,4,4,8,76,6,0,0,255,0,4,255,0,0,3,0,0,0,15,31,51,31,17,21,25,1,17,12,33,145,23,3,0,182,146,0,0,0,255,2,11,0,19,0,0,0,0,9,0,185,210,0,2,0,223,64,255,255,1,57,92,0,0,0,0,0,0,0,0,0,0,0,0,0,0,0,46,218,124,182
431,15,1,51,211,4,0,0,210,0,-2,243,0,7,1,0,201,231,117,253,117,253,117,253,117,253,117,253,117,253,0,0,0,46,253,68,210,124,209,124,209,165,208,21,208,100,209,107,209,2,211,152,253,51,211,14,254,240,64,0,4,4,8,76,6,0,0,255,0,4,255,0,0,3,0,0,0,15,31,51,31,17,21,25,1,17,12,33,145,23,3,0,182,146,0,0,0,255,2,12,0,19,0,0,0,0,9,0,185,210,0,2,0,175,64,255,255,1,57,92,0,0,0,0,0,0,0,0,0,0,0,0,0,0,0,46,218,124,182
432,12,1,50,209,4,0,0,210,-1,-2,244,0,7,1,0,158,40,117,253,117,253,117,253,117,253,117,253,117,253,0,0,0,46,253,68,210,124,209,124,209,165,208,21,208,100,209,107,209,2,211,152,253,50,209,14,254,240,65,0,4,4,8,76,6,0,0,255,0,4,255,0,0,3,0,0,0,15,31,51,31,17,21,25,1,17,12,33,145,23,3,0,182,146,0,0,0,255,2,13,0,19,0,0,0,0,9,0,185,210,0,2,0,191,64,255,255,1,57,92,0,0,0,0,0,0,0,0,0,0,0,0,0,0,0,46,218,124,182
433,7,1,50,207,4,0,0,210,0,-2,245,0,7,1,0,158,121,117,253,117,253,117,253,117,253,117,253,117,253,0,0,0,46,253,68,210,124,209,124,209,165,208,21,208,100,209,107,209,2,211,152,253,50,207,14,254,240,65,0,4,4,8,76,6,0,0,255,0,4,255,0,0,3,0,0,0,15,31,51,31,17,21,25,1,17,12,33,145,23,3,0,182,146,0,0,0,255,2,14,0,19,0,0,0,0,9,0,185,210,0,2,0,175,64,255,255,1,57,92,0,0,0,0,0,0,0,0,0,0,0,0,0,0,0,46,218,124,182
434,0,1,49,205,4,0,0,210,-1,-2,246,0,7,1,0,158,138,117,253,117,253,117,253,117,253,117,253,117,253,0,0,0,46,253,68,210,124,209,124,209,165,208,21,208,100,209,107,209,2,211,152,253,49,205,14,254,240,65,0,4,4,8,76,6,0,0,255,0,4,255,0,0,3,0,0,0,15,31,51,31,17,21,25,1,17,12,33,145,23,3,0,182,146,0,0,0,255,2,15,0,19,0,0,0,0,9,0,185,210,0,2,0,255,64,255,255,1,57,92,0,0,0,0,0,0,0,0,0,0,0,0,0,0,0,46,218,124,182
435,0,1,49,203,4,0,0,210,0,-2,247,0,7,1,0,159,159,117,253,117,253,117,253,117,253,117,253,117,253,0,0,0,46,253,68,210,124,209,124,209,165,208,21,208,100,209,107,209,2,211,152,253,49,203,14,254,240,65,0,4,4,8,76,6,0,0,255,0,4,255,0,0,3,0,0,0,15,31,51,31,17,21,25,1,17,12,33,145,23,3,0,182,146,0,0,0,255,2,16,0,19,0,0,0,0,9,0,185,210,0,2,0,255,64,255,255,1,57,92,0,0,0,0,0,0,0,0,0,0,0,0,0,0,0,46,218,124,182
436,5,1,48,201,4,0,0,210,-1,-2,248,0,7,1,0,156,160,117,253,117,253,117,253,117,253,117,253,117,253,0,0,0,46,253,80,210,124,209,124,209,165,208,21,208,101,209,108,209,1,211,93,253,48,201,14,254,240,66,0,4,4,8,76,6,0,0,255,0,4,255,0,0,4,0,0,0,15,31,51,31,17,21,25,1,17,12,33,145,23,3,0,182,146,0,0,0,255,2,17,0,19,0,0,0,0,9,0,185,210,0,2,0,223,64,255,255,1,57,92,0,0,0,0,0,0,0,0,0,0,0,0,0,0,0,46,218,124,182
437,9,1,48,199,4,0,0,210,0,-2,249,0,7,1,0,97,225,117,253,117,253,117,253,117,253,117,253,117,253,0,0,0,46,253,80,210,124,209,124,209,165,208,21,208,101,209,108,209,1,211,93,253,48,199,14,254,240,66,0,4,4,8,76,6,0,0,255,0,4,255,0,0,4,0,0,0,15,31,51,31,17,21,25,1,17,12,33,145,23,3,0,182,146,0,0,0,255,2,18,0,19,0,0,0,0,9,0,185,210,0,2,0,159,64,255,255,1,57,92,0,0,0,0,0,0,0,0,0,0,0,0,0,0,0,46,218,124,182
438,16,1,47,197,4,0,0,210,-1,-2,250,0,7,1,0,230,35,117,253,117,253,117,253,117,253,117,253,117,253,0,0,0,46,253,80,210,124,209,124,209,165,208,21,208,101,209,108,209,1,211,93,253,47,197,14,254,240,66,0,4,4,8,76,6,0,0,255,0,4,255,0,0,4,0,0,0,15,31,51,31,17,21,25,1,17,12,33,145,23,3,0,182,146,0,0,0,255,2,19,0,19,0,0,0,0,9,0,185,210,0,2,0,95,64,255,255,1,57,92,0,0,0,0,0,0,0,0,0,0,0,0,0,0,0,46,218,124,182
439,8,1,47,195,4,0,0,210,0,-2,251,0,7,1,0,118,100,117,253,117,253,117,253,117,253,117,253,117,253,0,0,0,46,253,80,210,124,209,124,209,165,208,21,208,101,209,108,209,1,211,93,253,47,195,14,254,240,66,0,4,4,8,76,6,0,0,255,0,4,255,0,0,4,0,0,0,15,31,51,31,17,21,25,1,17,12,33,145,23,3,0,182,146,0,0,0,255,2,20,0,19,0,0,0,0,9,0,185,210,0,2,0,95,64,255,255,1,57,92,0,0,0,0,0,0,0,0,0,0,0,0,0,0,0,46,218,124,182
440,10,1,46,193,4,0,0,210,-1,-2,252,0,7,1,0,198,172,117,253,117,253,117,253,117,253,117,253,117,253,0,0,0,46,253,80,210,124,209,124,209,165,208,21,208,101,209,108,209,1,211,93,253,46,193,14,254,240,67,0,4,4,8,76,6,0,0,255,0,4,255,0,0,4,0,0,0,15,31,51,31,17,21,25,1,17,12,33,145,23,3,0,182,146,0,0,0,255,2,21,0,19,0,0,0,0,9,0,185,210,0,2,0,239,64,255,255,1,57,92,0,0,0,0,0,0,0,0,0,0,0,0,0,0,0,46,218,124,182
441,2,1,46,191,4,0,0,210,0,-2,253,0,7,1,0,151,245,117,253,117,253,117,253,117,253,117,253,117,253,0,0,0,46,253,80,210,124,209,124,209,165,208,21,208,101,209,108,209,1,211,93,253,46,191,14,254,240,67,0,4,4,8,76,6,0,0,255,0,4,255,0,0,4,0,0,0,15,31,51,31,17,21,25,1,17,12,33,145,23,3,0,182,146,0,0,0,255,2,22,0,19,0,0,0,0,9,0,185,210,0,2,0,239,64,255,255,1,57,92,0,0,0,0,0,0,0,0,0,0,0,0,0,0,0,46,218,124,182
442,15,1,45,189,4,0,0,210,-1,-2,254,0,7,1,0,100,30,117,253,117,253,117,253,117,253,117,253,117,253,0,0,0,46,253,80,210,124,209,124,209,165,208,21,208,101,209,108,209,1,211,93,253,45,189,14,254,240,67,0,4,4,8,76,6,0,0,255,0,4,255,0,0,4,0,0,0,15,31,51,31,17,21,25,1,17,12,33,145,23,3,0,182,146,0,0,0,255,2,23,0,19,0,0,0,0,9,0,185,210,0,2,0,175,64,255,255,1,57,92,0,0,0,0,0,0,0,0,0,0,0,0,0,0,0,46,218,124,182
443,8,1,45,187,4,0,0,210,0,-2,255,0,7,1,0,232,34,117,253,117,253,117,253,117,253,117,253,117,253,0,0,0,46,253,80,210,124,209,124,209,165,208,21,208,101,209,108,209,1,211,93,253,45,187,14,254,240,67,0,4,4,8,76,6,0,0,255,0,4,255,0,0,4,0,0,0,15,31,51,31,17,21,25,1,17,12,33,145,23,3,0,182,146,0,0,0,255,2,24,0,19,0,0,0,0,9,0,185,210,0,2,0,95,64,255,255,1,57,92,0,0,0,0,0,0,0,0,0,0,0,0,0,0,0,46,218,124,182
444,9,1,44,185,4,0,0,210,-1,-2,0,1,7,1,0,124,103,117,253,117,253,117,253,117,253,117,253,117,253,0,0,0,46,253,92,210,124,209,124,209,165,208,21,208,232,209,117,253,4,211,152,253,44,185,14,254,240,68,0,4,4,8,76,6,0,0,255,0,4,255,0,0,5,0,0,0,15,31,51,31,17,21,25,1,17,12,33,145,23,3,0,182,146,36,0,0,255,2,25,0,19,0,0,0,0,9,0,185,210,0,2,0,159,64,255,255,2,57,92,0,0,0,0,0,0,0,0,0,0,0,0,0,0,0,46,218,124,182
445,13,1,44,183,4,0,0,210,0,-2,1,0,7,1,0,192,169,117,253,117,253,117,253,117,253,117,253,117,253,0,0,0,46,253,92,210,124,209,124,209,165,208,21,208,232,209,117,253,4,211,152,253,44,183,14,254,240,68,0,4,4,8,76,6,0,0,255,0,4,255,0,0,5,0,0,0,15,31,51,31,17,21,25,1,17,12,33,145,23,3,0,182,146,35,0,0,255,2,26,0,19,0,0,0,0,9,0,185,210,0,2,0,223,64,255,255,2,57,92,0,0,0,0,0,0,0,0,0,0,0,0,0,0,0,46,218,124,182
446,12,1,43,181,4,0,0,210,-1,-2,2,0,7,1,0,133,250,117,253,117,253,117,253,117,253,117,253,117,253,0,0,0,46,253,92,210,124,209,124,209,165,208,21,208,232,209,117,253,4,211,152,253,43,181,14,254,240,68,0,4,4,8,76,6,0,0,255,0,4,255,0,0,5,0,0,0,15,31,51,31,17,21,25,1,17,12,33,145,23,3,0,182,146,34,0,0,255,2,27,0,19,0,0,0,0,9,0,185,210,0,2,0,191,64,255,255,2,57,92,0,0,0,0,0,0,0,0,0,0,0,0,0,0,0,46,218,124,182
447,12,1,43,179,4,0,0,210,0,-2,3,0,7,1,0,74,15,117,253,117,253,117,253,117,253,117,253,117,253,0,0,0,46,253,92,210,124,209,124,209,165,208,21,208,232,209,117,253,4,211,152,253,43,179,14,254,240,68,0,4,4,8,76,6,0,0,255,0,4,255,0,0,5,0,0,0,15,31,51,31,17,21,25,1,17,12,33,145,23,3,0,182,146,33,0,0,255,2,28,0,19,0,0,0,0,9,0,185,210,0,2,0,191,64,255,255,2,57,92,0,0,0,0,0,0,0,0,0,0,0,0,0,0,0,46,218,124,182
448,1,1,42,177,4,0,0,210,-1,-2,4,0,7,1,0,18,17,117,253,117,253,117,253,117,253,117,253,117,253,0,0,0,46,253,92,210,124,209,124,209,165,208,21,208,232,209,117,253,4,211,152,253,42,177,14,254,240,69,0,4,4,8,76,6,0,0,255,0,4,255,0,0,5,0,0,0,15,31,51,31,17,21,25,1,17,12,33,145,23,3,0,182,146,32,0,0,255,2,29,0,19,0,0,0,0,9,0,185,210,0,2,0,255,64,255,255,2,57,92,0,0,0,0,0,0,0,0,0,0,0,0,0,0,0,46,218,124,182
449,5,1,42,175,4,0,0,210,0,-2,5,0,7,1,0,250,51,117,253,117,253,117,253,117,253,117,253,117,253,0,0,0,46,253,92,210,124,209,124,209,165,208,21,208,232,209,117,253,4,211,152,253,42,175,14,254,240,69,0,4,4,8,76,6,0,0,255,0,4,255,0,0,5,0,0,0,15,31,51,31,17,21,25,1,17,12,33,145,23,3,0,182,146,31,0,0,255,2,30,0,19,0,56,250,0,9,0,185,210,0,2,0,223,64,255,255,2,57,92,0,0,0,0,0,0,0,0,0,0,0,0,0,0,0,46,218,124,182
450,4,1,41,173,4,0,0,210,-1,-2,6,0,7,1,0,66,84,117,253,117,253,117,253,117,253,117,253,117,253,0,0,0,46,253,92,210,124,209,124,209,165,208,21,208,232,209,117,253,4,211,152,253,41,173,14,254,240,69,0,4,4,8,76,6,0,0,255,0,4,255,0,0,5,0,0,0,15,31,51,31,17,21,25,1,17,12,33,145,23,3,0,182,146,30,0,0,255,2,31,0,19,0,55,250,0,9,0,185,210,0,2,0,191,64,255,255,2,57,92,0,0,0,0,0,0,0,0,0,0,0,0,0,0,0,46,218,124,182
451,7,1,41,171,4,0,0,210,0,-2,7,0,7,1,0,10,252,117,253,117,253,117,253,117,253,117,253,117,253,0,0,0,46,253,92,210,124,209,124,209,165,208,21,208,232,209,117,253,4,211,152,253,41,171,14,254,240,69,0,4,4,8,76,6,0,0,255,0,4,255,0,0,5,0,0,0,15,31,51,31,17,21,25,1,17,12,33,145,23,3,0,182,146,29,0,0,255,2,32,0,19,0,126,70,0,9,0,185,210,0,2,0,175,64,255,255,2,57,92,0,0,0,0,0,0,0,0,0,0,0,0,0,0,0,46,218,124,182
452,9,1,40,169,4,0,0,210,-1,-2,8,0,7,1,0,211,4,117,253,117,253,117,253,117,253,117,253,117,253,0,0,0,46,253,104,210,124,209,124,209,165,208,21,208,232,209,117,253,3,211,93,253,40,169,14,254,240,70,0,4,4,8,76,6,0,0,255,0,4,255,0,0,6,0,0,0,15,31,51,31,17,21,25,1,17,12,33,145,23,3,0,182,146,28,0,0,255,2,33,0,19,0,60,70,0,9,0,185,210,0,2,0,159,64,255,255,2,57,92,0,0,0,0,0,0,0,0,0,0,0,0,0,0,0,46,218,124,182
453,10,1,40,167,4,0,0,210,0,-2,9,0,7,1,0,185,13,117,253,117,253,117,253,117,253,117,253,117,253,0,0,0,46,253,104,210,124,209,124,209,165,208,21,208,232,209,117,253,3,211,93,253,40,167,14,254,240,70,0,4,4,8,76,6,0,0,255,0,4,255,0,0,6,0,0,0,15,31,51,31,17,21,25,1,17,12,33,145,23,3,0,182,146,27,0,0,255,2,34,0,19,0,254,70,0,9,0,185,210,0,2,0,239,64,255,255,2,57,92,0,0,0,0,0,0,0,0,0,0,0,0,0,0,0,46,218,124,182
454,1,1,39,165,4,0,0,210,-1,-2,10,0,7,1,0,143,22,117,253,117,253,117,253,117,253,117,253,117,253,0,0,0,46,253,104,210,124,209,124,209,165,208,21,208,232,209,117,253,3,211,93,253,39,165,14,254,240,70,0,4,4,8,76,6,0,0,255,0,4,255,0,0,6,0,0,0,15,31,51,31,17,21,25,1,17,12,33,145,23,3,0,182,146,26,0,0,255,2,35,0,19,0,124,70,0,9,0,185,210,0,2,0,255,64,255,255,2,57,92,0,0,0,0,0,0,0,0,0,0,0,0,0,0,0,46,218,124,182
455,1,1,39,163,4,0,0,210,0,-2,11,0,7,1,0,109,59,117,253,117,253,117,253,117,253,117,253,117,253,0,0,0,46,253,104,210,124,209,124,209,165,208,21,208,232,209,117,253,3,211,93,253,39,163,14,254,240,70,0,4,4,8,76,6,0,0,255,0,4,255,0,0,6,0,0,0,15,31,51,31,17,21,25,1,17,12,33,145,23,3,0,182,146,25,0,0,255,2,36,0,19,0,60,74,0,9,0,185,210,0,2,0,255,64,255,255,2,57,92,0,0,0,0,0,0,0,0,0,0,0,0,0,0,0,46,218,124,182
456,15,1,38,161,4,0,0,210,-1,-2,12,0,7,1,0,243,77,117,253,117,253,117,253,117,253,117,253,117,253,0,0,0,46,253,104,210,124,209,124,209,165,208,21,208,232,209,117,253,3,211,93,253,38,161,14,254,240,71,0,4,4,8,76,6,0,0,255,0,4,255,0,0,6,0,0,0,15,31,51,31,17,21,25,1,17,12,33,145,23,3,0,182,146,24,0,0,255,2,37,0,19,0,255,70,0,9,0,185,210,0,2,0,175,64,255,255,2,57,92,0,0,0,0,0,0,0,0,0,0,0,0,0,0,0,46,218,124,182
457,13,1,38,159,4,0,0,210,0,-2,13,0,7,1,0,89,214,117,253,117,253,117,253,117,253,117,253,117,253,0,0,0,46,253,104,210,124,209,124,209,165,208,21,208,232,209,117,253,3,211,93,253,38,159,14,254,240,71,0,4,4,8,76,6,0,0,255,0,4,255,0,0,6,0,0,0,15,31,51,31,17,21,25,1,17,12,33,145,23,3,0,182,146,23,0,0,255,2,38,0,19,0,56,70,0,9,0,185,210,0,2,0,223,64,255,255,2,57,92,0,0,0,0,0,0,0,0,0,0,0,0,0,0,0,46,218,124,182
458,4,1,37,157,4,0,0,210,-1,-2,14,0,7,1,0,46,122,117,253,117,253,117,253,117,253,117,253,117,253,0,0,0,46,253,104,210,124,209,124,209,165,208,21,208,232,209,117,253,3,211,93,253,37,157,14,254,240,71,0,4,4,8,76,6,0,0,255,0,4,255,0,0,6,0,0,0,15,31,51,31,17,21,25,1,17,12,33,145,23,3,0,182,146,22,0,0,255,2,39,0,19,0,56,250,0,9,0,185,210,0,2,0,191,64,255,255,2,57,92,0,0,0,0,0,0,0,0,0,0,0,0,0,0,0,46,218,124,182
459,15,1,37,155,4,0,0,210,0,-2,15,0,7,1,0,14,142,117,253,117,253,117,253,117,253,117,253,117,253,0,0,0,46,253,104,210,124,209,124,209,165,208,21,208,232,209,117,253,3,211,93,253,37,155,14,254,240,71,0,4,4,8,76,6,0,0,255,0,4,255,0,0,6,0,0,0,15,31,51,31,17,21,25,1,17,12,33,145,23,3,0,182,146,21,0,0,255,2,40,0,19,0,0,2,0,9,0,185,210,0,2,0,175,64,255,255,2,57,92,0,0,0,0,0,0,0,0,0,0,0,0,0,0,0,46,218,124,182
460,2,1,36,153,4,0,0,210,-1,-2,16,0,7,1,0,239,146,117,253,117,253,117,253,117,253,117,253,117,253,0,0,0,46,253,116,210,124,209,124,209,165,208,21,208,232,209,117,253,2,211,152,253,36,153,14,254,240,72,0,4,4,8,76,6,0,0,255,0,4,255,0,0,7,0,0,0,15,31,51,31,17,21,25,1,17,12,33,145,23,3,0,182,146,20,0,0,255,2,41,0,19,0,0,26,0,9,0,185,210,0,2,0,239,64,255,255,2,57,92,0,0,0,0,0,0,0,0,0,0,0,0,0,0,0,46,218,124,182
461,4,1,36,151,4,0,0,210,0,-2,17,0,7,1,0,76,183,117,253,117,253,117,253,117,253,117,253,117,253,0,0,0,46,253,116,210,124,209,124,209,165,208,21,208,232,209,117,253,2,211,152,253,36,151,14,254,240,72,0,4,4,8,76,6,0,0,255,0,4,255,0,0,7,0,0,0,15,31,51,31,17,21,25,1,17,12,33,145,23,3,0,182,146,19,0,0,255,2,42,0,19,0,0,60,0,9,0,185,210,0,2,0,191,64,255,255,2,57,92,0,0,0,0,0,0,0,0,0,0,0,0,0,0,0,46,218,124,182
462,11,1,36,148,3,0,0,210,0,-3,18,0,6,1,0,17,217,117,253,117,253,117,253,117,253,117,253,117,253,0,0,0,46,253,116,210,124,209,124,209,165,208,21,208,232,209,117,253,2,211,152,253,36,148,14,254,240,72,0,4,4,8,76,22,0,12,255,0,3,255,0,0,7,0,0,0,15,31,51,31,17,21,25,1,17,12,33,145,23,3,0,182,146,18,0,0,255,2,0,0,19,0,0,112,0,9,0,185,210,0,2,0,127,64,255,255,2,86,90,0,0,241,15,0,0,0,0,0,0,0,0,0,0,0,46,218,116,182
463,13,1,36,148,3,0,0,210,0,0,19,0,6,1,0,247,107,117,253,117,253,117,253,117,253,117,253,117,253,0,0,0,46,253,116,210,124,209,124,209,186,208,216,208,232,209,117,253,2,211,152,253,36,148,14,254,240,72,0,4,4,8,76,22,6,12,255,0,3,255,0,0,7,0,0,0,15,31,51,31,17,21,25,1,17,12,33,145,23,3,0,182,146,17,0,0,255,2,0,0,19,11,0,60,0,9,0,185,210,0,2,0,223,64,255,255,2,87,91,0,0,241,15,0,0,0,0,0,0,0,0,0,0,0,46,218,102,183
464,1,1,36,148,3,0,0,210,0,0,20,0,6,1,0,70,188,117,253,117,253,117,253,117,253,117,253,117,253,0,0,0,46,253,116,210,124,209,124,209,201,208,216,208,232,209,117,253,2,211,152,253,36,148,14,254,240,72,0,4,4,8,76,22,6,11,255,0,3,255,0,0,7,0,0,0,15,31,51,31,17,21,25,1,17,12,33,145,23,3,0,182,146,16,0,0,255,2,0,0,13,11,0,255,0,9,0,185,210,0,2,0,255,64,255,255,2,88,92,0,1,241,15,0,0,0,0,0,0,0,0,0,0,0,46,218,102,183
465,14,1,36,148,3,0,0,210,0,0,21,0,6,1,0,22,196,117,253,117,253,117,253,117,253,117,253,117,253,0,0,0,46,253,116,210,124,209,124,209,201,208,216,208,232,209,117,253,2,211,152,253,36,148,14,254,240,72,0,4,4,8,76,22,6,11,255,0,3,255,0,0,7,0,0,0,15,31,51,31,17,21,25,1,17,12,33,145,23,3,0,182,146,15,0,0,255,2,0,0,13,11,0,255,0,9,0,185,210,0,2,0,111,64,255,255,2,88,92,0,0,0,15,0,0,0,0,0,0,0,0,0,0,0,46,218,102,183
466,12,1,36,148,3,0,0,210,0,0,22,0,6,1,0,230,76,117,253,117,253,117,253,117,253,117,253,117,253,0,0,0,46,253,116,210,124,209,124,209,201,208,216,208,232,209,117,253,2,211,152,253,36,148,14,254,240,72,0,4,4,8,76,22,6,11,255,0,3,255,0,0,7,0,0,0,15,31,51,31,17,21,25,1,17,12,33,145,23,3,0,182,146,14,0,0,255,2,0,0,13,11,0,255,0,9,0,185,210,0,2,0,191,64,255,255,2,88,92,0,0,0,0,0,0,0,0,0,0,0,0,0,0,0,46,218,102,183
467,14,1,36,148,3,0,0,210,0,0,23,0,6,1,0,105,213,117,253,117,253,117,253,117,253,117,253,117,253,0,0,0,46,253,116,210,124,209,124,209,201,208,216,208,232,209,117,253,2,211,152,253,36,148,14,254,240,72,0,4,4,8,76,22,6,11,255,0,3,255,0,0,7,0,0,0,15,31,51,31,17,21,25,1,17,12,33,145,23,3,0,182,146,13,0,0,255,2,0,0,13,11,0,255,0,9,0,185,210,0,2,0,111,64,255,255,2,88,92,0,0,0,0,0,0,0,0,0,0,0,0,0,0,0,46,218,102,183
468,1,1,36,148,3,0,0,210,0,0,24,0,6,1,0,255,127,117,253,117,253,117,253,117,253,117,253,117,253,0,0,0,46,253,116,210,124,209,124,209,186,208,216,208,232,209,117,253,1,211,93,253,36,148,14,254,240,72,0,4,4,8,76,22,6,10,255,0,3,255,0,0,7,0,0,0,15,31,51,31,17,21,25,1,17,12,33,145,23,3,0,182,146,12,0,0,255,2,0,0,13,11,0,255,0,9,0,185,210,0,2,0,255,64,255,255,2,88,92,0,0,0,0,0,0,0,0,0,0,0,0,0,0,0,46,218,102,183
469,3,1,36,148,3,0,0,210,0,0,25,0,6,1,0,62,128,117,253,117,253,117,253,117,253,117,253,117,253,0,0,0,46,253,116,210,124,209,124,209,186,208,216,208,232,209,117,253,1,211,93,253,36,148,14,254,240,72,0,4,4,8,76,22,6,10,255,0,3,255,0,0,7,0,0,0,15,31,51,31,17,21,25,1,17,12,33,145,23,3,0,182,146,11,0,0,255,2,0,0,13,11,0,255,0,9,0,185,210,0,2,0,127,64,255,255,2,88,92,0,0,0,0,0,0,0,0,0,0,0,0,0,0,0,46,218,102,183
470,15,1,36,148,3,0,0,210,0,0,26,0,6,1,0,126,128,117,253,117,253,117,253,117,253,117,253,117,253,0,0,0,46,253,116,210,124,209,124,209,186,208,216,208,232,209,117,253,1,211,93,253,36,148,14,254,240,72,0,4,4,8,76,22,6,10,255,0,3,255,0,0,7,0,0,0,15,31,51,31,17,21,25,1,17,12,33,145,23,3,0,182,146,10,0,0,255,2,0,0,13,11,0,255,0,9,0,185,210,0,2,0,175,64,255,255,2,88,92,0,0,0,0,0,0,0,0,0,0,0,0,0,0,0,46,218,102,183
471,4,1,36,148,3,0,0,210,0,0,27,0,6,1,0,190,128,117,253,117,253,117,253,117,253,117,253,117,253,0,0,0,46,253,116,210,124,209,124,209,186,208,216,208,232,209,117,253,1,211,93,253,36,148,14,254,240,72,0,4,4,8,76,22,6,10,255,0,3,255,0,0,7,0,0,0,15,31,51,31,17,21,25,1,17,12,33,145,23,3,0,182,146,9,0,0,255,2,0,0,13,11,0,255,0,9,0,185,210,0,2,0,191,64,255,255,2,88,92,0,0,0,0,0,0,0,0,0,0,0,0,0,0,0,46,218,102,183
472,0,1,36,148,3,0,0,210,0,0,28,0,6,1,0,254,129,117,253,117,253,117,253,117,253,117,253,117,253,0,0,0,46,253,116,210,124,209,124,209,201,208,216,208,232,209,117,253,1,211,93,253,36,148,14,254,240,72,0,4,4,8,76,22,6,9,255,0,3,255,0,0,7,0,0,0,15,31,51,31,17,21,25,1,17,12,33,145,23,3,0,182,146,8,0,0,255,2,0,0,13,11,0,255,0,9,0,185,210,0,2,0,255,64,255,255,2,88,92,0,0,0,0,0,0,0,0,0,0,0,0,0,0,0,46,218,102,183
473,1,1,36,148,3,0,0,210,0,0,29,0,6,1,0,62,130,117,253,117,253,117,253,117,253,117,253,117,253,0,0,0,46,253,116,210,124,209,124,209,201,208,216,208,232,209,117,253,1,211,93,253,36,148,14,254,240,72,0,4,4,8,76,22,6,9,255,0,3,255,0,0,7,0,0,0,15,31,51,31,17,21,25,1,17,12,33,145,23,3,0,182,146,7,0,0,255,2,0,0,13,11,0,255,0,9,0,185,210,0,2,0,255,64,255,255,2,88,92,0,0,0,0,0,0,0,0,0,0,0,0,0,0,0,46,218,102,183
474,4,1,36,148,3,0,0,210,0,0,30,0,6,1,0,126,134,117,253,117,253,117,253,117,253,117,253,117,253,0,0,0,46,253,116,210,124,209,124,209,201,208,216,208,232,209,117,253,1,211,93,253,36,148,14,254,240,72,0,4,4,8,76,22,6,9,255,0,3,255,0,0,7,0,0,0,15,31,51,31,17,21,25,1,17,12,33,145,23,3,0,182,146,6,0,0,255,2,0,0,13,11,0,255,0,9,0,185,210,0,2,0,191,64,255,255,2,88,92,0,0,0,0,0,0,0,0,0,0,0,0,0,0,0,46,218,102,183
475,10,1,36,148,3,0,0,210,0,0,31,0,6,1,0,190,138,117,253,117,253,117,253,117,253,117,253,117,253,0,0,0,46,253,116,210,124,209,124,209,201,208,216,208,232,209,117,253,1,211,93,253,36,148,14,254,240,72,0,4,4,8,76,22,6,9,255,0,3,255,0,0,7,0,0,0,15,31,51,31,17,21,25,1,17,12,33,145,23,3,0,182,146,5,0,0,255,2,0,0,13,11,0,255,0,9,0,185,210,0,2,0,239,64,255,255,2,88,92,0,0,0,0,0,0,0,0,0,0,0,0,0,0,0,46,218,102,183
476,3,1,36,148,3,0,0,210,0,0,32,0,6,1,0,254,159,117,253,117,253,117,253,117,253,117,253,117,253,0,0,0,46,253,116,210,124,209,124,209,186,208,216,208,232,209,117,253,4,211,152,253,36,148,14,254,240,72,0,4,4,8,76,22,6,8,255,0,3,255,0,0,7,0,0,0,15,31,51,31,17,21,25,1,17,12,33,145,23,3,0,182,146,4,0,0,255,2,0,0,13,11,0,255,0,9,0,185,210,0,2,0,127,64,255,255,2,88,92,0,0,0,0,0,0,0,0,0,0,0,0,0,0,0,46,218,102,183
477,17,1,36,148,3,0,0,210,0,0,33,0,6,1,0,62,160,117,253,117,253,117,253,117,253,117,253,117,253,0,0,0,46,253,116,210,124,209,124,209,186,208,216,208,232,209,117,253,4,211,152,253,36,148,14,254,240,72,0,4,4,8,76,22,6,8,255,0,3,255,0,0,7,0,0,0,15,31,51,31,17,21,25,1,17,12,33,145,23,3,0,182,146,3,0,0,255,2,0,0,13,11,0,255,0,9,0,185,210,0,2,0,159,64,255,255,2,88,92,0,0,0,0,0,0,0,0,0,0,0,0,0,0,0,46,218,102,183
478,11,1,36,148,3,0,0,210,0,0,34,0,6,1,0,126,224,117,253,117,253,117,253,117,253,117,253,117,253,0,0,0,46,253,116,210,124,209,124,209,186,208,216,208,232,209,117,253,4,211,152,253,36,148,14,254,240,72,0,4,4,8,76,22,6,8,255,0,3,255,0,0,7,0,0,0,15,31,51,31,17,21,25,1,17,12,33,145,23,3,0,182,146,2,0,0,255,2,0,0,13,11,0,255,0,9,0,185,210,0,2,0,127,64,255,255,2,88,92,0,0,0,0,0,0,0,0,0,0,0,0,0,0,0,46,218,102,183
479,6,1,36,148,3,0,0,210,0,0,35,0,6,1,0,190,32,117,253,117,253,117,253,117,253,117,253,117,253,0,0,0,46,253,116,210,124,209,124,209,186,208,216,208,232,209,117,253,4,211,152,253,36,148,14,254,240,72,0,4,4,8,76,22,6,8,255,0,3,255,0,0,7,0,0,0,15,31,51,31,17,21,25,1,17,12,33,145,23,3,0,182,146,1,0,0,255,2,0,0,13,11,0,255,0,9,0,185,210,0,2,0,111,64,255,255,2,88,92,0,0,0,0,0,0,0,0,0,0,0,0,0,0,0,46,218,102,183
480,12,1,36,148,3,0,0,210,0,0,36,0,6,1,0,129,97,117,253,117,253,117,253,117,253,117,253,117,253,0,0,0,46,253,116,210,124,209,124,209,201,208,216,208,100,209,107,209,4,211,152,253,36,148,14,254,240,72,0,4,4,8,76,22,6,7,255,0,3,255,0,0,7,0,0,0,15,31,51,31,17,21,25,1,17,12,33,145,23,3,0,182,146,0,0,0,255,2,0,0,13,11,0,255,0,9,0,185,210,0,2,0,191,64,255,255,2,88,92,0,0,0,0,0,0,0,0,0,0,0,0,0,0,0,46,218,102,183
481,15,1,36,148,3,0,0,210,0,0,37,0,6,1,0,68,162,117,253,117,253,117,253,117,253,117,253,117,253,0,0,0,46,253,116,210,124,209,124,209,201,208,216,208,100,209,107,209,4,211,152,253,36,148,14,254,240,72,0,4,4,8,76,22,6,7,255,0,3,255,0,0,7,0,0,0,15,31,51,31,17,21,25,1,17,12,33,145,23,3,0,182,146,0,0,0,255,2,0,0,13,11,0,255,0,9,0,185,210,0,2,0,175,64,255,255,2,88,92,0,0,0,0,0,0,0,0,0,0,0,0,0,0,0,46,218,102,183
482,3,1,36,148,3,0,0,210,0,0,38,0,6,1,0,8,230,117,253,117,253,117,253,117,253,117,253,117,253,0,0,0,46,253,116,210,124,209,124,209,201,208,216,208,100,209,107,209,4,211,152,253,36,148,14,254,240,72,0,4,4,8,76,22,6,7,255,0,3,255,0,0,7,0,0,0,15,31,51,31,17,21,25,1,17,12,33,145,23,3,0,182,146,0,0,0,255,2,0,0,13,11,0,255,0,9,0,185,210,0,2,0,127,64,255,255,2,88,92,0,0,0,0,0,0,0,0,0,0,0,0,0,0,0,46,218,102,183
483,1,1,36,148,3,0,0,210,0,0,39,0,6,1,0,220,42,117,253,117,253,117,253,117,253,117,253,117,253,0,0,0,46,253,116,210,124,209,124,209,201,208,216,208,100,209,107,209,4,211,152,253,36,148,14,254,240,72,0,4,4,8,76,22,6,7,255,0,3,255,0,0,7,0,0,0,15,31,51,31,17,21,25,1,17,12,33,145,23,3,0,182,146,0,0,0,255,2,0,0,13,11,0,255,0,9,0,185,210,0,2,0,255,64,255,255,2,88,92,0,0,0,0,0,0,0,0,0,0,0,0,0,0,0,46,218,102,183
484,14,1,36,148,3,0,0,210,0,0,40,0,6,1,0,167,127,117,253,117,253,117,253,117,253,117,253,117,253,0,0,0,46,253,116,210,124,209,124,209,186,208,216,208,101,209,108,209,3,211,93,253,36,148,14,254,240,72,0,4,4,8,76,22,6,6,255,0,3,255,0,0,7,0,0,0,15,31,51,31,17,21,25,1,17,12,33,145,23,3,0,182,146,0,0,0,255,2,0,0,13,11,0,255,0,9,0,185,210,0,2,0,111,64,255,255,2,88,92,0,0,0,0,0,0,0,0,0,0,0,0,0,0,0,46,218,102,183
485,10,1,36,148,3,0,0,210,0,0,41,0,6,1,0,182,128,117,253,117,253,117,253,117,253,117,253,117,253,0,0,0,46,253,116,210,124,209,124,209,186,208,216,208,101,209,108,209,3,211,93,253,36,148,14,254,240,72,0,4,4,8,76,22,6,6,255,0,3,255,0,0,7,0,0,0,15,31,51,31,17,21,25,1,17,12,33,145,23,3,0,182,146,0,0,0,255,2,0,0,13,11,0,255,0,9,0,185,210,0,2,0,239,64,255,255,2,88,92,0,0,0,0,0,0,0,0,0,0,0,0,0,0,0,46,218,102,183
486,3,1,36,148,3,0,0,210,0,0,42,0,6,1,0,134,129,117,253,117,253,117,253,117,253,117,253,117,253,0,0,0,46,253,116,210,124,209,124,209,186,208,216,208,101,209,108,209,3,211,93,253,36,148,14,254,240,72,0,4,4,8,76,22,6,6,255,0,3,255,0,0,7,0,0,0,15,31,51,31,17,21,25,1,17,12,33,145,23,3,0,182,146,0,0,0,255,2,0,0,13,11,0,255,0,9,0,185,210,0,2,0,127,64,255,255,2,88,92,0,0,0,0,0,0,0,0,0,0,0,0,0,0,0,46,218,102,183
487,9,1,36,148,3,0,0,210,0,0,43,0,6,1,0,86,130,117,253,117,253,117,253,117,253,117,253,117,253,0,0,0,46,253,116,210,124,209,124,209,186,208,216,208,101,209,108,209,3,211,93,253,36,148,14,254,240,72,0,4,4,8,76,22,6,6,255,0,3,255,0,0,7,0,0,0,15,31,51,31,17,21,25,1,17,12,33,145,23,3,0,182,146,0,0,0,255,2,0,0,13,11,0,255,0,9,0,185,210,0,2,0,159,64,255,255,2,88,92,0,0,0,0,0,0,0,0,0,0,0,0,0,0,0,46,218,102,183
488,4,1,36,148,3,0,0,210,0,0,44,0,6,1,0,38,134,117,253,117,253,117,253,117,253,117,253,117,253,0,0,0,46,253,116,210,124,209,124,209,201,208,216,208,101,209,108,209,3,211,93,253,36,148,14,254,240,72,0,4,4,8,76,22,6,5,255,0,3,255,0,0,7,0,0,0,15,31,51,31,17,21,25,1,17,12,33,145,23,3,0,182,146,0,0,0,255,2,0,0,13,11,0,255,0,9,0,185,210,0,2,0,191,64,255,255,2,88,92,0,0,0,0,0,0,0,0,0,0,0,0,0,0,0,46,218,102,183
489,12,1,36,148,3,0,0,210,0,0,45,0,6,1,0,54,138,117,253,117,253,117,253,117,253,117,253,117,253,0,0,0,46,253,116,210,124,209,124,209,201,208,216,208,101,209,108,209,3,211,93,253,36,148,14,254,240,72,0,4,4,8,76,22,6,5,255,0,3,255,0,0,7,0,0,0,15,31,51,31,17,21,25,1,17,12,33,145,23,3,0,182,146,0,0,0,255,2,0,0,13,11,0,255,0,9,0,185,210,0,2,0,191,64,255,255,2,88,92,0,0,0,0,0,0,0,0,0,0,0,0,0,0,0,46,218,102,183
490,9,1,36,148,3,0,0,210,0,0,46,0,6,1,0,6,158,117,253,117,253,117,253,117,253,117,253,117,253,0,0,0,46,253,116,210,124,209,124,209,201,208,216,208,101,209,108,209,3,211,93,253,36,148,14,254,240,72,0,4,4,8,76,22,6,5,255,0,3,255,0,0,7,0,0,0,15,31,51,31,17,21,25,1,17,12,33,145,23,3,0,182,146,0,0,0,255,2,0,0,13,11,0,255,0,9,0,185,210,0,2,0,159,64,255,255,2,88,92,0,0,0,0,0,0,0,0,0,0,0,0,0,0,0,46,218,102,183
491,3,1,36,148,3,0,0,210,0,0,47,0,6,1,0,214,162,117,253,117,253,117,253,117,253,117,253,117,253,0,0,0,46,253,116,210,124,209,124,209,201,208,216,208,101,209,108,209,3,211,93,253,36,148,14,254,240,72,0,4,4,8,76,22,6,5,255,0,3,255,0,0,7,0,0,0,15,31,51,31,17,21,25,1,17,12,33,145,23,3,0,182,146,0,0,0,255,2,0,0,13,11,0,255,0,9,0,185,210,0,2,0,127,64,255,255,2,88,92,0,0,0,0,0,0,0,0,0,0,0,0,0,0,0,46,218,102,183
492,16,1,36,148,3,0,0,210,0,0,48,0,6,1,0,166,231,117,253,117,253,117,253,117,253,117,253,117,253,0,0,0,46,253,116,210,124,209,124,209,186,208,216,208,100,209,107,209,2,211,152,253,36,148,14,254,240,72,0,4,4,8,76,22,6,4,255,0,3,255,0,0,7,0,0,0,15,31,51,31,17,21,25,1,17,12,33,145,23,3,0,182,146,0,0,0,255,2,0,0,13,11,0,255,0,9,0,185,210,0,2,0,95,64,255,255,2,88,92,0,0,0,0,0,0,0,0,0,0,0,0,0,0,0,46,218,102,183
493,6,1,36,148,3,0,0,210,0,0,49,0,6,1,0,182,40,117,253,117,253,117,253,117,253,117,253,117,253,0,0,0,46,253,116,210,124,209,124,209,186,208,216,208,100,209,107,209,2,211,152,253,36,148,14,254,240,72,0,4,4,8,76,22,6,4,255,0,3,255,0,0,7,0,0,0,15,31,51,31,17,21,25,1,17,12,33,145,23,3,0,182,146,0,0,0,255,2,0,0,13,11,0,255,0,9,0,185,210,0,2,0,111,64,255,255,2,88,92,0,0,0,0,0,0,0,0,0,0,0,0,0,0,0,46,218,102,183
494,1,1,36,148,3,0,0,210,0,0,50,0,6,1,0,153,121,117,253,117,253,117,253,117,253,117,253,117,253,0,0,0,46,253,116,210,124,209,124,209,186,208,216,208,100,209,107,209,2,211,152,253,36,148,14,254,240,72,0,4,4,8,76,22,6,4,255,0,3,255,0,0,7,0,0,0,15,31,51,31,17,21,25,1,17,12,33,145,23,3,0,182,146,0,0,0,255,2,0,0,13,11,0,255,0,9,0,185,210,0,2,0,255,64,255,255,2,88,92,0,0,0,0,0,0,0,0,0,0,0,0,0,0,0,46,218,102,183
495,12,1,36,148,3,0,0,210,0,0,51,0,6,1,0,108,138,117,253,117,253,117,253,117,253,117,253,117,253,0,0,0,46,253,116,210,124,209,124,209,186,208,216,208,100,209,107,209,2,211,152,253,36,148,14,254,240,72,0,4,4,8,76,22,6,4,255,0,3,255,0,0,7,0,0,0,15,31,51,31,17,21,25,1,17,12,33,145,23,3,0,182,146,0,0,0,255,2,0,0,13,11,0,255,0,9,0,185,210,0,2,0,191,64,255,255,2,88,92,0,0,0,0,0,0,0,0,0,0,0,0,0,0,0,46,218,102,183
496,14,1,36,148,3,0,0,210,0,0,52,0,6,1,0,240,158,117,253,117,253,117,253,117,253,117,253,117,253,0,0,0,46,253,116,210,124,209,124,209,201,208,216,208,100,209,107,209,2,211,152,253,36,148,14,254,240,72,0,4,4,8,76,22,6,3,255,0,3,255,0,0,7,0,0,0,15,31,51,31,17,21,25,1,17,12,33,145,23,3,0,182,146,0,0,0,255,2,0,0,13,11,0,255,0,9,0,185,210,0,2,0,111,64,255,255,2,88,92,0,0,0,0,0,0,0,0,0,0,0,0,0,0,0,46,218,102,183
497,11,1,36,148,3,0,0,210,0,0,53,0,6,1,0,84,163,117,253,117,253,117,253,117,253,117,253,117,253,0,0,0,46,253,116,210,124,209,124,209,201,208,216,208,100,209,107,209,2,211,152,253,36,148,14,254,240,72,0,4,4,8,76,22,6,3,255,0,3,255,0,0,7,0,0,0,15,31,51,31,17,21,25,1,17,12,33,145,23,3,0,182,146,0,0,0,255,2,0,0,13,11,0,255,0,9,0,185,210,0,2,0,127,64,255,255,2,88,92,0,0,0,0,0,0,0,0,0,0,0,0,0,0,0,46,218,102,183
498,6,1,36,148,3,0,0,210,0,0,54,0,6,1,0,56,229,117,253,117,253,117,253,117,253,117,253,117,253,0,0,0,46,253,116,210,124,209,124,209,201,208,216,208,100,209,107,209,2,211,152,253,36,148,14,254,240,72,0,4,4,8,76,22,6,3,255,0,3,255,0,0,7,0,0,0,15,31,51,31,17,21,25,1,17,12,33,145,23,3,0,182,146,0,0,0,255,2,0,0,13,11,0,255,0,9,0,185,210,0,2,0,111,64,255,255,2,88,92,0,0,0,0,0,0,0,0,0,0,0,0,0,0,0,46,218,102,183
499,14,1,36,148,3,0,0,210,0,0,55,0,6,1,0,12,47,117,253,117,253,117,253,117,253,117,253,117,253,0,0,0,46,253,116,210,124,209,124,209,201,208,216,208,100,209,107,209,2,211,152,253,36,148,14,254,240,72,0,4,4,8,76,22,6,3,255,0,3,255,0,0,7,0,0,0,15,31,51,31,17,21,25,1,17,12,33,145,23,3,0,182,146,0,0,0,255,2,0,0,13,11,0,255,0,9,0,185,210,0,2,0,111,64,255,255,2,88,92,0,0,0,0,0,0,0,0,0,0,0,0,0,0,0,46,218,102,183
500,11,1,36,148,3,0,0,210,0,0,56,0,6,1,0,215,113,117,253,117,253,117,253,117,253,117,253,117,253,0,0,0,46,253,116,210,124,209,124,209,186,208,216,208,101,209,108,209,1,211,93,253,36,148,14,254,240,72,0,4,4,8,76,22,6,2,255,0,3,255,0,0,7,0,0,0,15,31,51,31,17,21,25,1,17,12,33,145,23,3,0,182,146,0,0,0,255,2,0,0,13,11,0,255,0,9,0,185,210,0,2,0,127,64,255,255,2,88,92,0,0,0,0,0,0,0,0,0,0,0,0,0,0,0,46,218,102,183
501,2,1,36,148,3,0,0,210,0,0,57,0,6,1,0,166,146,117,253,117,253,117,253,117,253,117,253,117,253,0,0,0,46,253,116,210,124,209,124,209,186,208,216,208,101,209,108,209,1,211,93,253,36,148,14,254,240,72,0,4,4,8,76,22,6,2,255,0,3,255,0,0,7,0,0,0,15,31,51,31,17,21,25,1,17,12,33,145,23,3,0,182,146,0,0,0,255,2,0,0,13,11,0,255,0,9,0,185,210,0,2,0,239,64,255,255,2,88,92,0,0,0,0,0,0,0,0,0,0,0,0,0,0,0,46,218,102,183
502,1,1,36,148,3,0,0,210,0,0,58,0,6,1,0,182,183,117,253,117,253,117,253,117,253,117,253,117,253,0,0,0,46,253,116,210,124,209,124,209,186,208,216,208,101,209,108,209,1,211,93,253,36,148,14,254,240,72,0,4,4,8,76,22,6,2,255,0,3,255,0,0,7,0,0,0,15,31,51,31,17,21,25,1,17,12,33,145,23,3,0,182,146,0,0,0,255,2,0,0,13,11,0,255,0,9,0,185,210,0,2,0,255,64,255,255,2,88,92,0,0,0,0,0,0,0,0,0,0,0,0,0,0,0,46,218,102,183
503,1,1,36,148,3,0,0,210,0,0,59,0,6,1,0,134,216,117,253,117,253,117,253,117,253,117,253,117,253,0,0,0,46,253,116,210,124,209,124,209,186,208,216,208,101,209,108,209,1,211,93,253,36,148,14,254,240,72,0,4,4,8,76,22,6,2,255,0,3,255,0,0,7,0,0,0,15,31,51,31,17,21,25,1,17,12,33,145,23,3,0,182,146,0,0,0,255,2,0,0,13,11,0,255,0,9,0,185,210,0,2,0,255,64,255,255,2,88,92,0,0,0,0,0,0,0,0,0,0,0,0,0,0,0,46,218,102,183
504,15,1,36,148,3,0,0,210,0,0,60,0,6,1,0,86,105,117,253,117,253,117,253,117,253,117,253,117,253,0,0,0,46,253,116,210,124,209,124,209,201,208,216,208,101,209,108,209,1,211,93,253,36,148,14,254,240,72,0,4,4,8,76,22,6,1,255,0,3,255,0,0,7,0,0,0,15,31,51,31,17,21,25,1,17,12,33,145,23,3,0,182,146,0,0,0,255,2,0,0,13,11,0,255,0,9,0,185,210,0,2,0,175,64,255,255,2,88,92,0,0,0,0,0,0,0,0,0,0,0,0,0,0,0,46,218,102,183
505,8,1,36,148,3,0,0,210,0,0,61,0,6,1,0,57,187,117,253,117,253,117,253,117,253,117,253,117,253,0,0,0,46,253,116,210,124,209,124,209,201,208,216,208,101,209,108,209,1,211,93,253,36,148,14,254,240,72,0,4,4,8,76,22,6,1,255,0,3,255,0,0,7,0,0,0,15,31,51,31,17,21,25,1,17,12,33,145,23,3,0,182,146,0,0,0,255,2,0,0,13,11,0,255,0,9,0,185,210,0,2,0,95,64,255,255,2,88,92,0,0,0,0,0,0,0,0,0,0,0,0,0,0,0,46,218,102,183
506,0,1,36,148,3,0,0,210,0,0,62,0,6,1,0,15,205,117,253,117,253,117,253,117,253,117,253,117,253,0,0,0,46,253,116,210,124,209,124,209,201,208,216,208,101,209,108,209,1,211,93,253,36,148,14,254,240,72,0,4,4,8,76,22,6,1,255,0,3,255,0,0,7,0,0,0,15,31,51,31,17,21,25,1,17,12,33,145,23,3,0,182,146,0,0,0,255,2,0,0,13,11,0,255,0,9,0,185,210,0,2,0,255,64,255,255,2,88,92,0,0,0,0,0,0,0,0,0,0,0,0,0,0,0,46,218,102,183
507,16,1,36,148,3,0,0,210,0,0,63,0,6,1,0,237,87,117,253,117,253,117,253,117,253,117,253,117,253,0,0,0,46,253,116,210,124,209,124,209,201,208,216,208,101,209,108,209,1,211,93,253,36,148,14,254,240,72,0,4,4,8,76,22,6,1,255,0,3,255,0,0,7,0,0,0,15,31,51,31,17,21,25,1,17,12,33,145,23,3,0,182,146,0,0,0,255,2,0,0,13,11,0,255,0,9,0,185,210,0,2,0,95,64,255,255,2,88,92,0,0,0,0,0,0,0,0,0,0,0,0,0,0,0,46,218,102,183
508,6,1,36,148,3,0,0,210,0,0,64,0,6,1,0,112,248,117,253,117,253,117,253,117,253,117,253,117,253,0,0,0,46,253,116,210,124,209,124,209,186,208,216,208,100,209,107,209,4,211,152,253,36,148,14,254,240,72,0,4,4,8,76,22,6,0,255,0,3,255,0,0,7,0,0,0,15,31,51,31,17,21,25,1,17,12,33,145,23,3,0,182,146,0,0,0,255,2,0,0,13,11,0,255,0,9,0,185,210,0,2,0,111,64,255,255,2,88,92,0,0,0,0,0,0,0,0,0,0,0,0,0,0,0,46,218,102,183
509,7,1,36,148,3,0,0,210,0,0,65,0,6,1,0,212,8,117,253,117,253,117,253,117,253,117,253,117,253,0,0,0,46,253,116,210,124,209,124,209,186,208,216,208,100,209,107,209,4,211,152,253,36,148,14,254,240,72,0,4,4,8,76,22,6,0,255,0,3,255,0,0,7,0,0,0,15,31,51,31,17,21,25,1,17,12,33,145,23,3,0,182,146,0,0,0,255,2,0,0,13,11,0,255,0,9,0,185,210,0,2,0,175,64,255,255,2,88,92,0,0,0,0,0,0,0,0,0,0,0,0,0,0,0,46,218,102,183
510,2,1,36,148,3,0,0,210,0,0,66,0,6,1,0,191,25,117,253,117,253,117,253,117,253,117,253,117,253,0,0,0,46,253,116,210,124,209,124,209,186,208,216,208,100,209,107,209,4,211,152,253,36,148,14,254,240,72,0,4,4,8,76,22,6,0,255,0,3,255,0,0,7,0,0,0,15,31,51,31,17,21,25,1,17,12,33,145,23,3,0,182,146,0,0,0,255,2,0,0,13,11,0,255,0,9,0,185,210,0,2,0,239,64,255,255,2,88,92,0,0,0,0,0,0,0,0,0,0,0,0,0,0,0,46,218,102,183
511,16,1,36,148,3,0,0,210,0,0,67,0,6,1,0,254,42,117,253,117,253,117,253,117,253,117,253,117,253,0,0,0,46,253,116,210,124,209,124,209,186,208,216,208,100,209,107,209,4,211,152,253,36,148,14,254,240,72,0,4,4,8,76,22,6,0,255,0,3,255,0,0,7,0,0,0,15,31,51,31,17,21,25,1,17,12,33,145,23,3,0,182,146,0,0,0,255,2,0,0,13,11,0,255,0,9,0,185,210,0,2,0,95,64,255,255,2,88,92,0,0,0,0,0,0,0,0,0,0,0,0,0,0,0,46,218,102,183
512,16,1,36,148,3,0,0,210,0,0,68,0,2,1,0,65,127,117,253,117,253,117,253,117,253,117,253,117,253,0,0,0,46,253,116,210,124,209,124,209,201,208,216,208,100,209,107,209,4,211,152,253,36,148,14,254,240,72,0,4,4,8,76,22,6,0,255,0,3,255,0,0,7,0,0,0,15,31,51,31,17,21,25,1,17,12,33,145,23,3,0,182,146,0,0,0,255,2,0,0,13,11,0,255,0,9,0,185,210,0,2,0,95,64,255,255,2,88,92,0,0,0,0,0,0,0,0,0,0,0,0,0,0,0,46,218,102,183
513,13,1,77,235,3,0,0,210,41,87,69,0,4,1,0,4,129,117,253,117,253,117,253,117,253,117,253,117,253,0,0,0,117,253,23,210,124,209,124,209,201,208,216,208,100,209,107,209,4,211,152,253,77,235,14,254,240,58,0,4,4,8,8,8,6,0,255,0,3,255,0,0,7,0,0,0,15,31,51,31,17,21,25,1,17,12,33,145,23,3,0,182,146,0,0,0,255,2,0,0,13,11,0,255,0,9,0,185,210,0,2,0,223,64,255,255,2,88,92,0,0,0,0,0,0,0,0,0,0,0,0,0,0,0,46,218,31,177
514,16,1,78,235,3,0,0,210,1,0,70,0,4,1,0,200,131,117,253,117,253,117,253,117,253,117,253,117,253,0,0,0,46,253,116,210,124,209,124,209,0,208,21,208,100,209,107,209,4,211,152,253,78,235,14,254,240,58,0,4,4,8,128,18,0,0,255,0,3,255,0,0,7,0,0,0,15,31,51,31,17,21,25,1,17,12,33,145,23,3,0,182,146,0,0,0,255,2,0,77,13,0,0,0,0,9,0,185,210,0,2,0,95,128,255,255,2,23,92,0,0,14,0,0,0,0,0,0,0,0,0,0,0,0,46,218,139,219
515,9,1,77,235,3,0,0,210,-1,0,71,0,4,1,0,156,132,117,253,117,253,117,253,117,253,117,253,117,253,0,0,0,46,253,116,210,124,209,124,209,42,208,21,208,100,209,107,209,4,211,152,253,77,235,14,254,240,58,0,4,4,8,72,18,1,0,0,0,3,255,0,0,7,0,0,0,15,31,51,31,17,21,25,1,17,12,33,145,23,3,0,182,146,0,0,0,255,2,0,78,19,0,0,0,0,9,0,185,210,0,2,0,159,64,255,255,2,24,92,0,0,14,0,0,0,0,0,0,0,0,0,0,0,0,46,218,139,219
516,3,1,78,235,3,0,0,210,1,0,72,0,4,1,0,96,141,117,253,117,253,117,253,117,253,117,253,117,253,0,0,0,46,253,129,210,124,209,124,209,0,208,21,208,101,209,108,209,3,211,93,253,78,235,14,254,240,59,0,4,4,8,128,18,0,0,0,0,3,255,0,0,8,0,0,0,15,31,51,31,17,21,25,1,17,12,33,145,23,3,0,182,146,0,0,0,255,2,0,77,18,0,0,0,0,9,0,185,210,0,2,0,127,128,255,255,2,25,92,1,0,14,0,0,0,0,0,0,0,0,0,0,0,0,46,218,139,219
517,4,1,77,235,3,0,0,210,-1,0,73,0,4,1,0,228,151,117,253,117,253,117,253,117,253,117,253,117,253,0,0,0,46,253,129,210,124,209,124,209,0,208,21,208,101,209,108,209,3,211,93,253,77,235,14,254,240,59,0,4,4,8,72,18,0,0,0,0,3,255,0,0,8,0,0,0,15,31,51,31,17,21,25,1,17,12,33,145,23,3,0,182,146,0,0,0,255,2,0,78,19,0,0,0,0,9,0,185,210,0,2,0,191,64,255,255,2,25,92,0,0,14,0,0,0,0,0,0,0,0,0,0,0,0,46,218,139,219
518,13,1,77,226,3,0,0,210,0,-9,74,0,4,1,0,104,184,117,253,117,253,117,253,117,253,117,253,117,253,0,0,0,46,253,129,210,124,209,124,209,0,208,21,208,101,209,108,209,3,211,93,253,77,226,14,254,240,59,0,4,4,8,40,10,0,0,255,0,3,255,0,0,8,0,0,0,15,31,51,31,17,21,25,1,17,12,33,145,23,3,0,182,146,0,0,0,255,2,0,0,19,0,0,9,0,9,0,185,210,0,2,0,223,64,255,255,2,26,92,0,0,14,0,0,0,0,0,0,0,0,0,0,0,0,46,218,139,219
519,13,1,77,225,3,0,0,210,0,-1,75,0,4,1,0,252,200,117,253,117,253,117,253,117,253,117,253,117,253,0,0,0,46,253,129,210,124,209,124,209,62,208,102,208,101,209,108,209,3,211,93,253,77,225,14,254,240,59,0,4,4,8,40,10,1,0,255,0,3,255,0,0,8,0,0,0,15,31,51,31,17,21,25,1,17,12,33,145,23,3,0,182,146,0,0,0,255,2,0,1,19,0,0,2,1,9,2,185,210,0,2,0,223,64,255,255,2,27,92,2,0,14,0,0,0,0,0,0,0,0,0,0,0,0,46,218,139,219
520,2,1,77,226,3,0,0,210,0,1,76,0,4,1,0,64,89,117,253,117,253,117,253,117,253,117,253,117,253,0,0,0,46,253,129,210,124,209,124,209,82,208,102,208,101,209,108,209,3,211,93,253,77,226,14,254,240,60,0,4,4,8,24,10,1,0,255,0,3,255,0,0,8,0,0,0,15,31,51,31,17,21,25,1,17,12,33,145,23,3,0,182,146,0,0,0,255,2,0,1,18,0,0,2,1,9,2,185,210,0,2,0,239,64,255,255,2,27,92,1,0,14,0,0,0,0,0,0,0,0,0,0,0,0,46,218,139,219
521,3,1,77,226,3,0,0,210,0,0,77,0,4,1,0,3,235,117,253,117,253,117,253,117,253,117,253,117,253,0,0,0,46,253,129,210,124,209,124,209,82,208,102,208,101,209,108,209,3,211,93,253,77,226,14,254,240,60,0,4,4,8,24,10,1,0,255,0,3,255,0,0,8,0,0,0,15,31,51,31,17,21,25,1,17,12,33,145,23,3,0,182,146,0,0,0,255,2,0,1,18,0,0,2,1,9,2,185,210,0,2,0,127,64,255,255,2,27,92,0,0,14,0,0,0,0,0,0,0,0,0,0,0,0,46,218,139,219
522,13,1,77,225,3,0,0,210,0,-1,78,0,4,1,0,201,61,117,253,117,253,117,253,117,253,117,253,117,253,0,0,0,46,253,129,210,124,209,124,209,82,208,102,208,101,209,108,209,3,211,93,253,77,225,14,254,240,60,0,4,4,8,40,10,1,0,255,0,3,255,0,0,8,0,0,0,15,31,51,31,17,21,25,1,17,12,33,145,23,3,0,182,146,0,0,0,255,2,0,1,18,0,0,2,1,9,2,185,210,0,2,0,223,64,255,255,2,27,92,0,0,0,0,0,0,0,0,0,0,0,0,0,0,0,46,218,139,219
523,2,1,77,226,3,0,0,210,0,1,79,0,4,1,0,156,70,117,253,117,253,117,253,117,253,117,253,117,253,0,0,0,46,253,129,210,124,209,124,209,82,208,102,208,101,209,108,209,3,211,93,253,77,226,14,254,240,60,0,4,4,8,24,10,1,0,255,0,3,255,0,0,8,0,0,0,15,31,51,31,17,21,25,1,17,12,33,145,23,3,0,182,146,0,0,0,255,2,0,1,18,0,0,2,1,9,2,185,210,0,2,0,239,64,255,255,2,27,92,0,0,0,0,0,0,0,0,0,0,0,0,0,0,0,46,218,139,219
524,3,1,77,226,3,0,0,210,0,0,80,0,4,1,0,103,203,117,253,117,253,117,253,117,253,117,253,117,253,0,0,0,46,253,116,210,124,209,124,209,62,208,102,208,100,209,107,209,2,211,152,253,77,226,14,254,240,61,0,4,4,8,24,10,1,0,255,0,3,255,0,8,9,0,0,0,15,31,51,31,17,21,25,1,17,12,33,145,23,3,0,182,146,0,0,0,255,2,0,1,18,0,0,2,1,9,2,185,210,0,2,0,127,64,255,255,2,27,92,0,0,0,0,0,0,0,0,0,0,0,0,0,0,0,46,218,139,219
525,13,1,77,225,3,0,0,210,0,-1,81,0,4,1,0,245,93,117,253,117,253,117,253,117,253,117,253,117,253,0,0,0,46,253,116,210,124,209,124,209,62,208,102,208,100,209,107,209,2,211,152,253,77,225,14,254,240,61,0,4,4,8,40,10,1,0,255,0,3,255,0,8,9,0,0,0,15,31,51,31,17,21,25,1,17,12,33,145,23,3,0,182,146,0,0,0,255,2,0,1,18,0,0,2,1,9,2,185,210,0,2,0,223,64,255,255,2,27,92,0,0,0,0,0,0,0,0,0,0,0,0,0,0,0,46,218,139,219
526,4,1,77,225,3,0,0,210,0,0,82,0,4,1,0,88,230,117,253,117,253,117,253,117,253,117,253,117,253,0,0,0,46,253,116,210,124,209,124,209,62,208,102,208,100,209,107,209,2,211,152,253,77,225,14,254,240,61,0,4,4,8,40,10,1,0,255,0,3,255,0,8,9,0,0,0,15,31,51,31,17,21,25,1,17,12,33,145,23,3,0,182,146,0,0,0,255,2,0,1,18,0,0,2,1,9,2,185,210,0,2,0,191,64,255,255,2,27,92,0,0,0,0,0,0,0,0,0,0,0,0,0,0,0,46,218,139,219
527,0,1,77,225,3,0,0,210,0,0,83,0,4,1,0,44,42,117,253,117,253,117,253,117,253,117,253,117,253,0,0,0,46,253,116,210,124,209,124,209,62,208,102,208,100,209,107,209,2,211,152,253,77,225,14,254,240,61,0,4,4,8,40,0,1,0,255,0,3,255,0,8,9,0,0,0,15,31,51,31,17,21,25,1,17,12,33,145,23,3,0,182,146,0,0,0,255,2,0,1,18,0,0,2,1,9,2,185,210,0,2,0,255,64,255,255,2,27,92,0,0,0,0,0,0,0,0,0,0,0,0,0,0,0,46,218,139,219
528,14,1,77,225,3,0,0,210,0,0,84,0,4,1,0,55,126,117,253,117,253,117,253,117,253,117,253,117,253,0,0,0,46,253,116,210,124,209,124,209,62,208,102,208,100,209,107,209,2,211,152,253,77,225,14,254,240,62,0,4,4,8,40,0,1,0,255,0,3,255,0,8,9,0,0,0,15,31,51,31,17,21,25,1,17,12,33,145,23,3,0,182,146,0,0,0,255,2,0,1,18,0,0,2,1,9,2,185,210,0,2,0,111,64,255,255,2,27,92,0,0,0,0,0,0,0,0,0,0,0,0,0,0,0,46,218,139,219
529,13,1,77,224,3,0,0,210,0,-1,85,0,4,1,0,6,130,117,253,117,253,117,253,117,253,117,253,117,253,0,0,0,46,253,116,210,124,209,124,209,62,208,102,208,100,209,107,209,2,211,152,253,77,224,14,254,240,62,0,4,4,8,40,10,1,0,255,0,3,255,0,8,9,0,0,0,15,31,51,31,17,21,25,1,17,12,33,145,23,3,0,182,146,0,0,0,255,2,0,1,18,0,0,2,1,9,2,185,210,0,2,0,223,64,255,255,2,27,92,0,0,0,0,0,0,0,0,0,0,0,0,0,0,0,46,218,139,219
530,13,1,77,223,3,0,0,210,0,-1,86,0,4,1,0,214,134,117,253,117,253,117,253,117,253,117,253,117,253,0,0,0,46,253,116,210,124,209,124,209,82,208,102,208,100,209,107,209,2,211,152,253,77,223,14,254,240,62,0,4,4,8,40,10,1,0,255,0,3,255,0,8,9,0,0,0,15,31,51,31,17,21,25,1,17,12,33,145,23,3,0,182,146,0,0,0,255,2,0,1,18,0,0,2,1,9,2,185,210,0,2,0,223,64,255,255,2,27,92,0,0,0,0,0,0,0,0,0,0,0,0,0,0,0,46,218,139,219
531,0,1,77,223,3,0,0,210,0,0,87,0,4,1,0,166,139,117,253,117,253,117,253,117,253,117,253,117,253,0,0,0,46,253,116,210,124,209,124,209,82,208,102,208,100,209,107,209,2,211,152,253,77,223,14,254,240,62,0,4,4,8,40,0,1,0,255,0,3,255,0,8,9,0,0,0,15,31,51,31,17,21,25,1,17,12,33,145,23,3,0,182,146,0,0,0,255,2,0,1,18,0,0,2,1,9,2,185,210,0,2,0,255,64,255,255,2,27,92,0,0,0,0,0,0,0,0,0,0,0,0,0,0,0,46,218,139,219
532,15,1,77,223,3,0,0,210,0,0,88,0,4,1,0,182,156,117,253,117,253,117,253,117,253,117,253,117,253,0,0,0,46,253,104,210,124,209,124,209,62,208,102,208,101,209,108,209,1,211,93,253,77,223,14,254,240,63,0,4,4,8,40,0,1,0,255,0,3,255,0,8,10,0,0,0,15,31,51,31,17,21,25,1,17,12,33,145,23,3,0,182,146,0,0,0,255,2,0,1,18,0,0,2,1,9,2,185,210,0,2,0,175,64,255,255,2,27,92,0,0,0,0,0,0,0,0,0,0,0,0,0,0,0,46,218,139,219
533,10,1,77,224,3,0,0,210,0,1,89,0,4,1,0,134,165,117,253,117,253,117,253,117,253,117,253,117,253,0,0,0,46,253,104,210,124,209,124,209,62,208,102,208,101,209,108,209,1,211,93,253,77,224,14,254,240,63,0,4,4,8,24,10,1,0,255,0,3,255,0,8,10,0,0,0,15,31,51,31,17,21,25,1,17,12,33,145,23,3,0,182,146,0,0,0,255,2,0,1,18,0,0,2,1,9,2,185,210,0,2,0,239,64,255,255,2,27,92,0,0,0,0,0,0,0,0,0,0,0,0,0,0,0,46,218,139,219
534,8,1,77,224,3,0,0,210,0,0,90,0,4,1,0,86,238,117,253,117,253,117,253,117,253,117,253,117,253,0,0,0,46,253,104,210,124,209,124,209,62,208,102,208,101,209,108,209,1,211,93,253,77,224,14,254,240,63,0,4,4,8,24,10,1,0,255,0,3,255,0,8,10,0,0,0,15,31,51,31,17,21,25,1,17,12,33,145,23,3,0,182,146,0,0,0,255,2,0,1,18,0,0,2,1,9,2,185,210,0,2,0,95,64,255,255,2,27,92,0,0,0,0,0,0,0,0,0,0,0,0,0,0,0,46,218,139,219
535,2,1,77,225,3,0,0,210,0,1,91,0,4,1,0,38,50,117,253,117,253,117,253,117,253,117,253,117,253,0,0,0,46,253,104,210,124,209,124,209,62,208,102,208,101,209,108,209,1,211,93,253,77,225,14,254,240,63,0,4,4,8,24,10,1,0,255,0,3,255,0,8,10,0,0,0,15,31,51,31,17,21,25,1,17,12,33,145,23,3,0,182,146,0,0,0,255,2,0,1,18,0,0,2,1,9,2,185,210,0,2,0,239,64,255,255,2,27,92,0,0,0,0,0,0,0,0,0,0,0,0,0,0,0,46,218,139,219
536,11,1,77,225,3,0,0,210,0,0,92,0,4,1,0,41,86,117,253,117,253,117,253,117,253,117,253,117,253,0,0,0,46,253,104,210,124,209,124,209,82,208,102,208,101,209,108,209,1,211,93,253,77,225,14,254,240,64,0,4,4,8,24,10,1,0,255,0,3,255,0,8,10,0,0,0,15,31,51,31,17,21,25,1,17,12,33,145,23,3,0,182,146,0,0,0,255,2,0,1,18,0,0,2,1,9,2,185,210,0,2,0,127,64,255,255,2,27,92,0,0,0,0,0,0,0,0,0,0,0,0,0,0,0,46,218,139,219
537,2,1,77,226,3,0,0,210,0,1,93,0,4,1,0,60,250,117,253,117,253,117,253,117,253,117,253,117,253,0,0,0,46,253,104,210,124,209,124,209,82,208,102,208,101,209,108,209,1,211,93,253,77,226,14,254,240,64,0,4,4,8,24,10,1,0,255,0,3,255,0,8,10,0,0,0,15,31,51,31,17,21,25,1,17,12,33,145,23,3,0,182,146,0,0,0,255,2,0,1,18,0,0,2,1,9,2,185,210,0,2,0,239,64,255,255,2,27,92,0,0,0,0,0,0,0,0,0,0,0,0,0,0,0,46,218,139,219
538,3,1,77,226,3,0,0,210,0,0,94,0,4,1,0,0,14,117,253,117,253,117,253,117,253,117,253,117,253,0,0,0,46,253,104,210,124,209,124,209,82,208,102,208,101,209,108,209,1,211,93,253,77,226,14,254,240,64,0,4,4,8,24,10,1,0,255,0,3,255,0,8,10,0,0,0,15,31,51,31,17,21,25,1,17,12,33,145,23,3,0,182,146,0,0,0,255,2,0,1,18,0,0,2,1,9,2,185,210,0,2,0,127,64,255,255,2,27,92,0,0,0,0,0,0,0,0,0,0,0,0,0,0,0,46,218,139,219
539,11,1,77,226,3,0,0,210,0,0,95,0,4,1,0,195,18,117,253,117,253,117,253,117,253,117,253,117,253,0,0,0,46,253,104,210,124,209,124,209,82,208,102,208,101,209,108,209,1,211,93,253,77,226,14,254,240,64,0,4,4,8,24,10,1,0,255,0,3,255,0,8,10,0,0,0,15,31,51,31,17,21,25,1,17,12,33,145,23,3,0,182,146,0,0,0,255,2,0,1,18,0,0,2,1,9,2,185,210,0,2,0,127,64,255,255,2,27,92,0,0,0,0,0,0,0,0,0,0,0,0,0,0,0,46,218,139,219
540,0,1,77,226,3,0,0,210,0,0,96,0,4,1,0,138,55,117,253,117,253,117,253,117,253,117,253,117,253,0,0,0,46,253,92,210,124,209,124,209,62,208,102,208,100,209,107,209,4,211,152,253,77,226,14,254,240,65,0,4,4,8,24,0,1,0,255,0,3,255,0,8,11,0,0,0,15,31,51,31,17,21,25,1,17,12,33,145,23,3,0,182,146,0,0,0,255,2,0,1,18,0,0,2,1,9,2,185,210,0,2,0,255,64,255,255,2,27,92,0,0,0,0,0,0,0,0,0,0,0,0,0,0,0,46,218,139,219
541,11,1,77,226,3,0,0,210,0,0,97,0,4,1,0,93,88,117,253,117,253,117,253,117,253,117,253,117,253,0,0,0,46,253,92,210,124,209,124,209,62,208,102,208,100,209,107,209,4,211,152,253,77,226,14,254,240,65,0,4,4,8,24,0,1,0,255,0,3,255,0,8,11,0,0,0,15,31,51,31,17,21,25,1,17,12,33,145,23,3,0,182,146,0,0,0,255,2,0,1,18,0,0,2,1,9,2,185,210,0,2,0,127,64,255,255,2,27,92,0,0,0,0,0,0,0,0,0,0,0,0,0,0,0,46,218,139,219
542,11,1,77,226,3,0,0,210,0,0,98,0,4,1,0,32,232,117,253,117,253,117,253,117,253,117,253,117,253,0,0,0,46,253,92,210,124,209,124,209,62,208,102,208,100,209,107,209,4,211,152,253,77,226,14,254,240,65,0,4,4,8,24,0,1,0,255,0,3,255,0,8,11,0,0,0,15,31,51,31,17,21,25,1,17,12,33,145,23,3,0,182,146,0,0,0,255,2,0,1,18,0,0,2,1,9,2,185,210,0,2,0,127,64,255,255,2,27,92,0,0,0,0,0,0,0,0,0,0,0,0,0,0,0,46,218,139,219
543,5,1,77,225,3,0,0,210,0,-1,99,0,4,1,0,36,56,117,253,117,253,117,253,117,253,117,253,117,253,0,0,0,46,253,92,210,124,209,124,209,62,208,102,208,100,209,107,209,4,211,152,253,77,225,14,254,240,65,0,4,4,8,40,10,1,0,255,0,3,255,0,8,11,0,0,0,15,31,51,31,17,21,25,1,17,12,33,145,23,3,0,182,146,0,0,0,255,2,0,1,18,0,0,2,1,9,2,185,210,0,2,0,223,64,255,255,2,27,92,0,0,0,0,0,0,0,0,0,0,0,0,0,0,0,46,218,139,219
544,0,1,77,225,3,0,0,210,0,0,100,0,4,1,0,47,72,117,253,117,253,117,253,117,253,117,253,117,253,0,0,0,46,253,92,210,124,209,124,209,82,208,102,208,100,209,107,209,4,211,152,253,77,225,14,254,240,66,0,4,4,8,40,0,1,0,255,0,3,255,0,8,11,0,0,0,15,31,51,31,17,21,25,1,17,12,33,145,23,3,0,182,146,0,0,0,255,2,0,1,18,0,0,2,1,9,2,185,210,0,2,0,255,64,255,255,2,27,92,0,0,0,0,0,0,0,0,0,0,0,0,0,0,0,46,218,139,219
545,7,1,77,225,3,0,0,210,0,0,101,0,4,1,0,14,216,117,253,117,253,117,253,117,253,117,253,117,253,0,0,0,46,253,92,210,124,209,124,209,62,208,102,208,100,209,107,209,4,211,152,253,77,225,14,254,240,66,0,4,4,8,40,0,1,0,255,0,3,255,0,8,11,0,0,0,15,31,51,31,17,21,25,1,17,12,33,145,23,3,0,182,146,0,0,0,255,2,0,1,18,0,0,2,1,9,2,185,210,0,2,0,175,64,255,255,2,27,92,0,0,0,0,0,0,0,0,0,0,0,0,0,0,0,46,218,139,219
546,11,1,77,225,3,0,0,210,0,0,102,0,4,1,0,238,104,117,253,117,253,117,253,117,253,117,253,117,253,0,0,0,46,253,92,210,124,209,124,209,62,208,102,208,100,209,107,209,4,211,152,253,77,225,14,254,240,66,0,4,4,8,40,0,1,0,255,0,3,255,0,8,11,0,0,0,15,31,51,31,17,21,25,1,17,12,33,145,23,3,0,182,146,0,0,0,255,2,0,1,18,0,0,2,1,9,2,185,210,0,2,0,127,64,255,255,2,27,92,0,0,0,0,0,0,0,0,0,0,0,0,0,0,0,46,218,139,219
547,2,1,77,226,3,0,0,210,0,1,103,0,4,1,0,113,185,117,253,117,253,117,253,117,253,117,253,117,253,0,0,0,46,253,92,210,124,209,124,209,62,208,102,208,100,209,107,209,4,211,152,253,77,226,14,254,240,66,0,4,4,8,24,10,1,0,255,0,3,255,0,8,11,0,0,0,15,31,51,31,17,21,25,1,17,12,33,145,23,3,0,182,146,0,0,0,255,2,0,1,18,0,0,2,1,9,2,185,210,0,2,0,239,64,255,255,2,27,92,0,0,0,0,0,0,0,0,0,0,0,0,0,0,0,46,218,139,219
548,4,1,77,226,3,0,0,210,0,0,104,0,4,1,0,215,203,117,253,117,253,117,253,117,253,117,253,117,253,0,0,0,46,253,80,210,124,209,124,209,62,208,102,208,101,209,108,209,3,211,93,253,77,226,14,254,240,67,0,4,4,8,24,10,1,0,255,0,3,255,0,8,12,0,0,0,15,31,51,31,17,21,25,1,17,12,33,145,23,3,0,182,146,0,0,0,255,2,0,1,18,0,0,2,1,9,2,185,210,0,2,0,191,64,255,255,2,27,92,0,0,0,0,0,0,0,0,0,0,0,0,0,0,0,46,218,139,219
549,6,1,77,226,3,0,0,210,0,0,105,0,4,1,0,165,92,117,253,117,253,117,253,117,253,117,253,117,253,0,0,0,46,253,80,210,124,209,124,209,62,208,102,208,101,209,108,209,3,211,93,253,77,226,14,254,240,67,0,4,4,8,24,10,1,0,255,0,3,255,0,8,12,0,0,0,15,31,51,31,17,21,25,1,17,12,33,145,23,3,0,182,146,0,0,0,255,2,0,1,18,0,0,2,1,9,2,185,210,0,2,0,111,64,255,255,2,27,92,0,0,0,0,0,0,0,0,0,0,0,0,0,0,0,46,218,139,219
550,0,1,77,226,3,0,0,210,0,0,106,0,4,1,0,168,229,117,253,117,253,117,253,117,253,117,253,117,253,0,0,0,46,253,80,210,124,209,124,209,62,208,102,208,101,209,108,209,3,211,93,253,77,226,14,254,240,67,0,4,4,8,24,0,1,0,255,0,3,255,0,8,12,0,0,0,15,31,51,31,17,21,25,1,17,12,33,145,23,3,0,182,146,0,0,0,255,2,0,1,18,0,0,2,1,9,2,185,210,0,2,0,255,64,255,255,2,27,92,0,0,0,0,0,0,0,0,0,0,0,0,0,0,0,46,218,139,219
551,6,1,77,226,3,0,0,210,0,0,107,0,4,1,0,188,46,117,253,117,253,117,253,117,253,117,253,117,253,0,0,0,46,253,80,210,124,209,124,209,62,208,102,208,101,209,108,209,3,211,93,253,77,226,14,254,240,67,0,4,4,8,24,0,1,0,255,0,3,255,0,8,12,0,0,0,15,31,51,31,17,21,25,1,17,12,33,145,23,3,0,182,146,0,0,0,255,2,0,1,18,0,0,2,1,9,2,185,210,0,2,0,111,64,255,255,2,27,92,0,0,0,0,0,0,0,0,0,0,0,0,0,0,0,46,218,139,219
552,3,1,77,226,3,0,0,210,0,0,108,0,4,1,0,135,115,117,253,117,253,117,253,117,253,117,253,117,253,0,0,0,46,253,80,210,124,209,124,209,62,208,102,208,101,209,108,209,3,211,93,253,77,226,14,254,240,68,0,4,4,8,24,0,1,0,255,0,3,255,0,8,12,0,0,0,15,31,51,31,17,21,25,1,17,12,33,145,23,3,0,182,146,0,0,0,255,2,0,1,18,0,0,2,1,9,2,185,210,0,2,0,127,64,255,255,2,27,92,0,0,0,0,0,0,0,0,0,0,0,0,0,0,0,46,218,139,219
553,0,1,77,226,3,0,0,210,0,0,109,0,4,1,0,86,148,117,253,117,253,117,253,117,253,117,253,117,253,0,0,0,46,253,80,210,124,209,124,209,62,208,102,208,101,209,108,209,3,211,93,253,77,226,14,254,240,68,0,4,4,8,24,0,1,0,255,0,3,255,0,8,12,0,0,0,15,31,51,31,17,21,25,1,17,12,33,145,23,3,0,182,146,0,0,0,255,2,0,1,18,0,0,2,1,9,2,185,210,0,2,0,255,64,255,255,2,27,92,0,0,0,0,0,0,0,0,0,0,0,0,0,0,0,46,218,139,219
554,9,1,77,226,3,0,0,210,0,0,110,0,4,1,0,38,188,117,253,117,253,117,253,117,253,117,253,117,253,0,0,0,46,253,80,210,124,209,124,209,62,208,102,208,101,209,108,209,3,211,93,253,77,226,14,254,240,68,0,4,4,8,24,0,1,0,255,0,3,255,0,8,12,0,0,0,15,31,51,31,17,21,25,1,17,12,33,145,23,3,0,182,146,0,0,0,255,2,0,1,18,0,0,2,1,9,2,185,210,0,2,0,159,64,255,255,2,27,92,0,0,0,0,0,0,0,0,0,0,0,0,0,0,0,46,218,139,219
555,11,1,77,226,3,0,0,210,0,0,111,0,4,1,0,54,196,117,253,117,253,117,253,117,253,117,253,117,253,0,0,0,46,253,80,210,124,209,124,209,62,208,102,208,101,209,108,209,3,211,93,253,77,226,14,254,240,68,0,4,4,8,24,0,1,0,255,0,3,255,0,8,12,0,0,0,15,31,51,31,17,21,25,1,17,12,33,145,23,3,0,182,146,0,0,0,255,2,0,1,18,0,0,2,1,9,2,185,210,0,2,0,127,64,255,255,2,27,92,0,0,0,0,0,0,0,0,0,0,0,0,0,0,0,46,218,139,219
556,0,1,77,226,3,0,0,210,0,0,112,0,4,1,0,6,76,117,253,117,253,117,253,117,253,117,253,117,253,0,0,0,46,253,68,210,124,209,124,209,62,208,102,208,100,209,107,209,2,211,152,253,77,226,14,254,240,69,0,4,4,8,24,0,1,0,255,0,3,255,0,8,13,0,0,0,15,31,51,31,17,21,25,1,17,12,33,145,23,3,0,182,146,0,0,0,255,2,0,1,18,0,0,2,1,9,2,185,210,0,2,0,255,64,255,255,2,27,92,0,0,0,0,0,0,0,0,0,0,0,0,0,0,0,46,218,139,219
557,7,1,77,226,3,0,0,210,0,0,113,0,4,1,0,201,212,117,253,117,253,117,253,117,253,117,253,117,253,0,0,0,46,253,68,210,124,209,124,209,62,208,102,208,100,209,107,209,2,211,152,253,77,226,14,254,240,69,0,4,4,8,24,0,1,0,255,0,3,255,0,8,13,0,0,0,15,31,51,31,17,21,25,1,17,12,33,145,23,3,0,182,146,0,0,0,255,2,0,1,18,0,0,2,1,9,2,185,210,0,2,0,175,64,255,255,2,27,92,0,0,0,0,0,0,0,0,0,0,0,0,0,0,0,46,218,139,219
558,4,1,77,226,3,0,0,210,0,0,114,0,4,1,0,159,125,117,253,117,253,117,253,117,253,117,253,117,253,0,0,0,46,253,68,210,124,209,124,209,62,208,102,208,100,209,107,209,2,211,152,253,77,226,14,254,240,69,0,4,4,8,24,0,1,0,255,0,3,255,0,8,13,0,0,0,15,31,51,31,17,21,25,1,17,12,33,145,23,3,0,182,146,0,0,0,255,2,0,1,18,0,0,2,1,9,2,185,210,0,2,0,191,64,255,255,2,27,92,0,0,0,0,0,0,0,0,0,0,0,0,0,0,0,46,218,139,219
559,5,1,77,225,3,0,0,210,0,-1,115,0,4,1,0,158,134,117,253,117,253,117,253,117,253,117,253,117,253,0,0,0,46,253,68,210,124,209,124,209,62,208,102,208,100,209,107,209,2,211,152,253,77,225,14,254,240,69,0,4,4,8,40,10,1,0,255,0,3,255,0,8,13,0,0,0,15,31,51,31,17,21,25,1,17,12,33,145,23,3,0,182,146,0,0,0,255,2,0,1,18,0,0,2,1,9,2,185,210,0,2,0,223,64,255,255,2,27,92,0,0,0,0,0,0,0,0,0,0,0,0,0,0,0,46,218,139,219
560,14,1,77,225,3,0,0,210,0,0,116,0,4,1,0,158,139,117,253,117,253,117,253,117,253,117,253,117,253,0,0,0,46,253,68,210,124,209,124,209,82,208,102,208,100,209,107,209,2,211,152,253,77,225,14,254,240,70,0,4,4,8,40,10,1,0,255,0,3,255,0,8,13,0,0,0,15,31,51,31,17,21,25,1,17,12,33,145,23,3,0,182,146,0,0,0,255,2,0,1,18,0,0,2,1,9,2,185,210,0,2,0,111,64,255,255,2,27,92,0,0,0,0,0,0,0,0,0,0,0,0,0,0,0,46,218,139,219
561,3,1,77,225,3,0,0,210,0,0,117,0,4,1,0,158,156,117,253,117,253,117,253,117,253,117,253,117,253,0,0,0,46,253,68,210,124,209,124,209,82,208,102,208,100,209,107,209,2,211,152,253,77,225,14,254,240,70,0,4,4,8,40,10,1,0,255,0,3,255,0,8,13,0,0,0,15,31,51,31,17,21,25,1,17,12,33,145,23,3,0,182,146,0,0,0,255,2,0,1,18,0,0,2,1,9,2,185,210,0,2,0,127,64,255,255,2,27,92,0,0,0,0,0,0,0,0,0,0,0,0,0,0,0,46,218,139,219
562,15,1,77,225,3,0,0,210,0,0,118,0,4,1,0,158,165,117,253,117,253,117,253,117,253,117,253,117,253,0,0,0,46,253,68,210,124,209,124,209,82,208,102,208,100,209,107,209,2,211,152,253,77,225,14,254,240,70,0,4,4,8,40,10,1,0,255,0,3,255,0,8,13,0,0,0,15,31,51,31,17,21,25,1,17,12,33,145,23,3,0,182,146,0,0,0,255,2,0,1,18,0,0,2,1,9,2,185,210,0,2,0,175,64,255,255,2,27,92,0,0,0,0,0,0,0,0,0,0,0,0,0,0,0,46,218,139,219
563,11,1,77,225,3,0,0,210,0,0,119,0,4,1,0,158,238,117,253,117,253,117,253,117,253,117,253,117,253,0,0,0,46,253,68,210,124,209,124,209,82,208,102,208,100,209,107,209,2,211,152,253,77,225,14,254,240,70,0,4,4,8,40,10,1,0,255,0,3,255,0,8,13,0,0,0,15,31,51,31,17,21,25,1,17,12,33,145,23,3,0,182,146,0,0,0,255,2,0,1,18,0,0,2,1,9,2,185,210,0,2,0,127,64,255,255,2,27,92,0,0,0,0,0,0,0,0,0,0,0,0,0,0,0,46,218,139,219
564,8,1,77,225,3,0,0,210,0,0,120,0,4,1,0,158,51,117,253,117,253,117,253,117,253,117,253,117,253,0,0,0,46,253,56,210,124,209,124,209,62,208,102,208,101,209,108,209,1,211,93,253,77,225,14,254,240,71,0,4,4,8,40,10,1,0,255,0,3,255,0,8,14,0,0,0,15,31,51,31,17,21,25,1,17,12,33,145,23,3,0,182,146,0,0,0,255,2,0,1,18,0,0,2,1,9,2,185,210,0,2,0,95,64,255,255,2,27,92,0,0,0,0,0,0,0,0,0,0,0,0,0,0,0,46,218,139,219
565,4,1,77,225,3,0,0,210,0,0,121,0,4,1,0,97,84,117,253,117,253,117,253,117,253,117,253,117,253,0,0,0,46,253,56,210,124,209,124,209,62,208,102,208,101,209,108,209,1,211,93,253,77,225,14,254,240,71,0,4,4,8,40,10,1,0,255,0,3,255,0,8,14,0,0,0,15,31,51,31,17,21,25,1,17,12,33,145,23,3,0,182,146,0,0,0,255,2,0,1,18,0,0,2,1,9,2,185,210,0,2,0,191,64,255,255,2,27,92,0,0,0,0,0,0,0,0,0,0,0,0,0,0,0,46,218,139,219
566,0,1,77,225,3,0,0,210,0,0,122,0,4,1,0,228,252,117,253,117,253,117,253,117,253,117,253,117,253,0,0,0,46,253,56,210,124,209,124,209,62,208,102,208,101,209,108,209,1,211,93,253,77,225,14,254,240,71,0,4,4,8,40,0,1,0,255,0,3,255,0,8,14,0,0,0,15,31,51,31,17,21,25,1,17,12,33,145,23,3,0,182,146,0,0,0,255,2,0,1,18,0,0,2,1,9,2,185,210,0,2,0,255,64,255,255,2,27,92,0,0,0,0,0,0,0,0,0,0,0,0,0,0,0,46,218,139,219
567,6,1,77,225,3,0,0,210,0,0,123,0,4,1,0,104,5,117,253,117,253,117,253,117,253,117,253,117,253,0,0,0,46,253,56,210,124,209,124,209,62,208,102,208,101,209,108,209,1,211,93,253,77,225,14,254,240,71,0,4,4,8,40,0,1,0,255,0,3,255,0,8,14,0,0,0,15,31,51,31,17,21,25,1,17,12,33,145,23,3,0,182,146,0,0,0,255,2,0,1,18,0,0,2,1,9,2,185,210,0,2,0,111,64,255,255,2,27,92,0,0,0,0,0,0,0,0,0,0,0,0,0,0,0,46,218,139,219
568,11,1,77,225,3,0,0,210,0,0,124,0,4,1,0,251,15,117,253,117,253,117,253,117,253,117,253,117,253,0,0,0,46,253,56,210,124,209,124,209,62,208,102,208,101,209,108,209,1,211,93,253,77,225,14,254,240,72,0,4,4,8,40,0,1,0,255,0,3,255,0,8,14,0,0,0,15,31,51,31,17,21,25,1,17,12,33,145,23,3,0,182,146,0,0,0,255,2,0,1,18,0,0,2,1,9,2,185,210,0,2,0,127,64,255,255,2,27,92,0,0,0,0,0,0,0,0,0,0,0,0,0,0,0,46,218,139,219
569,10,1,77,226,3,0,0,210,0,1,125,0,4,1,0,66,16,117,253,117,253,117,253,117,253,117,253,117,253,0,0,0,46,253,56,210,124,209,124,209,62,208,102,208,101,209,108,209,1,211,93,253,77,226,14,254,240,72,0,4,4,8,24,10,1,0,255,0,3,255,0,8,14,0,0,0,15,31,51,31,17,21,25,1,17,12,33,145,23,3,0,182,146,0,0,0,255,2,0,1,18,0,0,2,1,9,2,185,210,0,2,0,239,64,255,255,2,27,92,0,0,0,0,0,0,0,0,0,0,0,0,0,0,0,46,218,139,219
570,15,1,77,226,3,0,0,210,0,0,126,0,4,1,0,5,48,117,253,117,253,117,253,117,253,117,253,117,253,0,0,0,46,253,56,210,124,209,124,209,82,208,102,208,101,209,108,209,1,211,93,253,77,226,14,254,240,72,0,4,4,8,24,10,1,0,255,0,3,255,0,8,14,0,0,0,15,31,51,31,17,21,25,1,17,12,33,145,23,3,0,182,146,0,0,0,255,2,0,1,18,0,0,2,1,9,2,185,210,0,2,0,175,64,255,255,2,27,92,0,0,0,0,0,0,0,0,0,0,0,0,0,0,0,46,218,139,219
571,9,1,77,226,3,0,0,210,0,0,127,0,4,1,0,200,80,117,253,117,253,117,253,117,253,117,253,117,253,0,0,0,46,253,56,210,124,209,124,209,82,208,102,208,101,209,108,209,1,211,93,253,77,226,14,254,240,72,0,4,4,8,24,10,1,0,255,0,3,255,0,8,14,0,0,0,15,31,51,31,17,21,25,1,17,12,33,145,23,3,0,182,146,0,0,0,255,2,0,1,18,0,0,2,1,9,2,185,210,0,2,0,159,64,255,255,2,27,92,0,0,0,0,0,0,0,0,0,0,0,0,0,0,0,46,218,139,219
572,9,1,77,226,3,0,0,210,0,0,128,0,4,1,0,155,241,117,253,117,253,117,253,117,253,117,253,117,253,0,0,0,46,253,56,210,124,209,124,209,62,208,102,208,232,209,117,253,4,211,152,253,77,226,14,254,240,72,0,4,4,0,24,10,1,0,255,0,3,255,0,8,2,0,0,0,15,31,51,31,17,21,25,1,17,12,33,145,23,3,0,182,146,36,0,0,255,2,0,1,18,0,0,2,1,9,2,185,210,0,2,0,159,64,255,255,2,27,92,0,0,0,0,0,0,0,0,0,0,0,0,0,0,0,46,218,139,219
573,17,1,77,226,3,0,0,210,0,0,129,0,4,1,0,97,18,117,253,117,253,117,253,117,253,117,253,117,253,0,0,0,46,253,56,210,124,209,124,209,62,208,102,208,232,209,117,253,4,211,152,253,77,226,14,254,240,72,0,4,4,0,24,10,1,0,255,0,3,255,0,8,2,0,0,0,15,31,51,31,17,21,25,1,17,12,33,145,23,3,0,182,146,35,0,0,255,2,0,1,18,0,0,2,1,9,2,185,210,0,2,0,159,64,255,255,2,27,92,0,0,0,0,0,0,0,0,0,0,0,0,0,0,0,46,218,139,219
574,10,1,77,227,3,0,0,210,0,1,130,0,4,1,0,228,54,117,253,117,253,117,253,117,253,117,253,117,253,0,0,0,46,253,56,210,124,209,124,209,62,208,102,208,232,209,117,253,4,211,152,253,77,227,14,254,240,72,0,4,4,0,24,10,1,0,255,0,3,255,0,8,2,0,0,0,15,31,51,31,17,21,25,1,17,12,33,145,23,3,0,182,146,34,0,0,255,2,0,1,18,0,0,2,1,9,2,185,210,0,2,0,239,64,255,255,2,27,92,0,0,0,0,0,0,0,0,0,0,0,0,0,0,0,46,218,139,219
575,5,1,77,226,3,0,0,210,0,-1,131,0,4,1,0,111,91,117,253,117,253,117,253,117,253,117,253,117,253,0,0,0,46,253,56,210,124,209,124,209,62,208,102,208,232,209,117,253,4,211,152,253,77,226,14,254,240,72,0,4,4,0,40,10,1,0,255,0,3,255,0,8,2,0,0,0,15,31,51,31,17,21,25,1,17,12,33,145,23,3,0,182,146,33,0,0,255,2,0,1,18,0,0,2,1,9,2,185,210,0,2,0,223,64,255,255,2,27,92,0,0,0,0,0,0,0,0,0,0,0,0,0,0,0,46,218,139,219
576,2,1,77,227,3,0,0,210,0,1,132,0,4,1,0,206,237,117,253,117,253,117,253,117,253,117,253,117,253,0,0,0,46,253,56,210,124,209,124,209,82,208,102,208,232,209,117,253,4,211,152,253,77,227,14,254,240,71,0,4,4,0,24,10,1,0,255,0,3,255,0,8,2,0,0,0,15,31,51,31,17,21,25,1,17,12,33,145,23,3,0,182,146,32,0,0,255,2,0,1,18,0,0,2,1,9,2,185,210,0,2,0,239,64,255,255,2,27,92,0,0,0,0,0,0,0,0,0,0,0,0,0,0,0,46,218,139,219
577,3,1,77,227,3,0,0,210,0,0,133,0,4,1,0,174,54,117,253,117,253,117,253,117,253,117,253,117,253,0,0,0,46,253,56,210,124,209,124,209,82,208,102,208,232,209,117,253,4,211,152,253,77,227,14,254,240,71,0,4,4,0,24,10,1,0,255,0,3,255,0,8,2,0,0,0,15,31,51,31,17,21,25,1,17,12,33,145,23,3,0,182,146,31,0,0,255,2,0,1,18,0,0,2,1,9,2,185,210,0,2,0,127,64,255,255,2,27,92,0,0,0,0,0,0,0,0,0,0,0,0,0,0,0,46,218,139,219
578,17,1,77,227,3,0,0,210,0,0,134,0,4,1,0,177,91,117,253,117,253,117,253,117,253,117,253,117,253,0,0,0,46,253,56,210,124,209,124,209,82,208,102,208,232,209,117,253,4,211,152,253,77,227,14,254,240,71,0,4,4,0,24,10,1,0,255,0,3,255,0,8,2,0,0,0,15,31,51,31,17,21,25,1,17,12,33,145,23,3,0,182,146,30,0,0,255,2,0,1,18,0,0,2,1,9,2,185,210,0,2,0,159,64,255,255,2,27,92,0,0,0,0,0,0,0,0,0,0,0,0,0,0,0,46,218,139,219
579,9,1,77,227,3,0,0,210,0,0,135,0,4,1,0,148,236,117,253,117,253,117,253,117,253,117,253,117,253,0,0,0,46,253,56,210,124,209,124,209,82,208,102,208,232,209,117,253,4,211,152,253,77,227,14,254,240,71,0,4,4,0,24,10,1,0,255,0,3,255,0,8,2,0,0,0,15,31,51,31,17,21,25,1,17,12,33,145,23,3,0,182,146,29,0,0,255,2,0,1,18,0,0,2,1,9,2,185,210,0,2,0,159,64,255,255,2,27,92,0,0,0,0,0,0,0,0,0,0,0,0,0,0,0,46,218,139,219
580,5,1,77,226,3,0,0,210,0,-1,136,0,4,1,0,120,53,117,253,117,253,117,253,117,253,117,253,117,253,0,0,0,46,253,68,210,124,209,124,209,62,208,102,208,232,209,117,253,3,211,93,253,77,226,14,254,240,70,0,4,4,0,40,10,1,0,255,0,3,255,0,8,3,0,0,0,15,31,51,31,17,21,25,1,17,12,33,145,23,3,0,182,146,28,0,0,255,2,0,1,18,0,0,2,1,9,2,185,210,0,2,0,223,64,255,255,2,27,92,0,0,0,0,0,0,0,0,0,0,0,0,0,0,0,46,218,139,219
581,12,1,77,226,3,0,0,210,0,0,137,0,4,1,0,203,95,117,253,117,253,117,253,117,253,117,253,117,253,0,0,0,46,253,68,210,124,209,124,209,62,208,102,208,232,209,117,253,3,211,93,253,77,226,14,254,240,70,0,4,4,0,40,10,1,0,255,0,3,255,0,8,3,0,0,0,15,31,51,31,17,21,25,1,17,12,33,145,23,3,0,182,146,27,0,0,255,2,0,1,18,0,0,2,1,9,2,185,210,0,2,0,191,64,255,255,2,27,92,0,0,0,0,0,0,0,0,0,0,0,0,0,0,0,46,218,139,219
582,4,1,77,226,3,0,0,210,0,0,138,0,4,1,0,146,224,117,253,117,253,117,253,117,253,117,253,117,253,0,0,0,46,253,68,210,124,209,124,209,62,208,102,208,232,209,117,253,3,211,93,253,77,226,14,254,240,70,0,4,4,0,40,10,1,0,255,0,3,255,0,8,3,0,0,0,15,31,51,31,17,21,25,1,17,12,33,145,23,3,0,182,146,26,0,0,255,2,0,1,18,0,0,2,1,9,2,185,210,0,2,0,191,64,255,255,2,27,92,0,0,0,0,0,0,0,0,0,0,0,0,0,0,0,46,218,139,219
583,4,1,77,226,3,0,0,210,0,0,139,0,4,1,0,122,33,117,253,117,253,117,253,117,253,117,253,117,253,0,0,0,46,253,68,210,124,209,124,209,62,208,102,208,232,209,117,253,3,211,93,253,77,226,14,254,240,70,0,4,4,0,40,10,1,0,255,0,3,255,0,8,3,0,0,0,15,31,51,31,17,21,25,1,17,12,33,145,23,3,0,182,146,25,0,0,255,2,0,1,18,0,0,2,1,9,2,185,210,0,2,0,191,64,255,255,2,27,92,0,0,0,0,0,0,0,0,0,0,0,0,0,0,0,46,218,139,219
584,7,1,77,226,3,0,0,210,0,0,140,0,4,1,0,205,99,117,253,117,253,117,253,117,253,117,253,117,253,0,0,0,46,253,68,210,124,209,124,209,82,208,102,208,232,209,117,253,3,211,93,253,77,226,14,254,240,69,0,4,4,0,40,10,1,0,255,0,3,255,0,8,3,0,0,0,15,31,51,31,17,21,25,1,17,12,33,145,23,3,0,182,146,24,0,0,255,2,0,1,18,0,0,2,1,9,2,185,210,0,2,0,175,64,255,255,2,27,92,0,0,0,0,0,0,0,0,0,0,0,0,0,0,0,46,218,139,219
585,10,1,77,227,3,0,0,210,0,1,141,0,4,1,0,144,164,117,253,117,253,117,253,117,253,117,253,117,253,0,0,0,46,253,68,210,124,209,124,209,82,208,102,208,232,209,117,253,3,211,93,253,77,227,14,254,240,69,0,4,4,0,24,10,1,0,255,0,3,255,0,8,3,0,0,0,15,31,51,31,17,21,25,1,17,12,33,145,23,3,0,182,146,23,0,0,255,2,0,1,18,0,0,2,1,9,2,185,210,0,2,0,239,64,255,255,2,27,92,0,0,0,0,0,0,0,0,0,0,0,0,0,0,0,46,218,139,219
586,16,1,77,227,3,0,0,210,0,0,142,0,4,1,0,116,237,117,253,117,253,117,253,117,253,117,253,117,253,0,0,0,46,253,68,210,124,209,124,209,82,208,102,208,232,209,117,253,3,211,93,253,77,227,14,254,240,69,0,4,4,0,24,10,1,0,255,0,3,255,0,8,3,0,0,0,15,31,51,31,17,21,25,1,17,12,33,145,23,3,0,182,146,22,0,0,255,2,0,1,18,0,0,2,1,9,2,185,210,0,2,0,95,64,255,255,2,27,92,0,0,0,0,0,0,0,0,0,0,0,0,0,0,0,46,218,139,219
587,7,1,77,227,3,0,0,210,0,0,143,0,4,1,0,216,55,117,253,117,253,117,253,117,253,117,253,117,253,0,0,0,46,253,68,210,124,209,124,209,82,208,102,208,232,209,117,253,3,211,93,253,77,227,14,254,240,69,0,4,4,0,24,10,1,0,255,0,3,255,0,8,3,0,0,0,15,31,51,31,17,21,25,1,17,12,33,145,23,3,0,182,146,21,0,0,255,2,0,1,18,0,0,2,1,9,2,185,210,0,2,0,175,64,255,255,2,27,92,0,0,0,0,0,0,0,0,0,0,0,0,0,0,0,46,218,139,219
588,7,1,77,227,3,0,0,210,0,0,144,0,4,1,0,171,88,117,253,117,253,117,253,117,253,117,253,117,253,0,0,0,46,253,80,210,124,209,124,209,62,208,102,208,232,209,117,253,2,211,152,253,77,227,14,254,240,68,0,4,4,0,24,10,1,0,255,0,3,255,0,8,4,0,0,0,15,31,51,31,17,21,25,1,17,12,33,145,23,3,0,182,146,20,0,0,255,2,0,1,18,0,0,2,1,9,2,185,210,0,2,0,175,64,255,255,2,27,92,0,0,0,0,0,0,0,0,0,0,0,0,0,0,0,46,218,139,219
589,5,1,77,226,3,0,0,210,0,-1,145,0,4,1,0,178,233,117,253,117,253,117,253,117,253,117,253,117,253,0,0,0,46,253,80,210,124,209,124,209,62,208,102,208,232,209,117,253,2,211,152,253,77,226,14,254,240,68,0,4,4,0,40,10,1,0,255,0,3,255,0,8,4,0,0,0,15,31,51,31,17,21,25,1,17,12,33,145,23,3,0,182,146,19,0,0,255,2,0,1,18,0,0,2,1,9,2,185,210,0,2,0,223,64,255,255,2,27,92,0,0,0,0,0,0,0,0,0,0,0,0,0,0,0,46,218,139,219
590,9,1,77,226,3,0,0,210,0,0,146,0,4,1,0,154,58,117,253,117,253,117,253,117,253,117,253,117,253,0,0,0,46,253,80,210,124,209,124,209,62,208,102,208,232,209,117,253,2,211,152,253,77,226,14,254,240,68,0,4,4,0,40,10,1,0,255,0,3,255,0,8,4,0,0,0,15,31,51,31,17,21,25,1,17,12,33,145,23,3,0,182,146,18,0,0,255,2,0,1,18,0,0,2,1,9,2,185,210,0,2,0,159,64,255,255,2,27,92,0,0,0,0,0,0,0,0,0,0,0,0,0,0,0,46,218,139,219
591,11,1,77,226,3,0,0,210,0,0,147,0,4,1,0,109,79,117,253,117,253,117,253,117,253,117,253,117,253,0,0,0,46,253,80,210,124,209,124,209,62,208,102,208,232,209,117,253,2,211,152,253,77,226,14,254,240,68,0,4,4,0,40,10,1,0,255,0,3,255,0,8,4,0,0,0,15,31,51,31,17,21,25,1,17,12,33,145,23,3,0,182,146,17,0,0,255,2,0,1,18,0,0,2,1,9,2,185,210,0,2,0,127,64,255,255,2,27,92,0,0,0,0,0,0,0,0,0,0,0,0,0,0,0,46,218,139,219
592,13,1,77,225,3,0,0,210,0,-1,148,0,4,1,0,240,209,117,253,117,253,117,253,117,253,117,253,117,253,0,0,0,46,253,80,210,124,209,124,209,82,208,102,208,232,209,117,253,2,211,152,253,77,225,14,254,240,67,0,4,4,0,40,10,1,0,255,0,3,255,0,8,4,0,0,0,15,31,51,31,17,21,25,1,17,12,33,145,23,3,0,182,146,16,0,0,255,2,0,1,18,0,0,2,1,9,2,185,210,0,2,0,223,64,255,255,2,27,92,0,0,0,0,0,0,0,0,0,0,0,0,0,0,0,46,218,139,219
593,1,1,77,225,3,0,0,210,0,0,149,0,4,1,0,84,114,117,253,117,253,117,253,117,253,117,253,117,253,0,0,0,46,253,80,210,124,209,124,209,82,208,102,208,232,209,117,253,2,211,152,253,77,225,14,254,240,67,0,4,4,0,40,0,1,0,255,0,3,255,0,8,4,0,0,0,15,31,51,31,17,21,25,1,17,12,33,145,23,3,0,182,146,15,0,0,255,2,0,1,18,0,0,2,1,9,2,185,210,0,2,0,255,64,255,255,2,27,92,0,0,0,0,0,0,0,0,0,0,0,0,0,0,0,46,218,139,219
594,4,1,77,225,3,0,0,210,0,0,150,0,4,1,0,63,150,117,253,117,253,117,253,117,253,117,253,117,253,0,0,0,46,253,80,210,124,209,124,209,62,208,102,208,232,209,117,253,2,211,152,253,77,225,14,254,240,67,0,4,4,0,40,0,1,0,255,0,3,255,0,8,4,0,0,0,15,31,51,31,17,21,25,1,17,12,33,145,23,3,0,182,146,14,0,0,255,2,0,1,18,0,0,2,1,9,2,185,210,0,2,0,191,64,255,255,2,27,92,0,0,0,0,0,0,0,0,0,0,0,0,0,0,0,46,218,139,219
595,0,1,77,225,3,0,0,210,0,0,151,0,4,1,0,125,186,117,253,117,253,117,253,117,253,117,253,117,253,0,0,0,46,253,80,210,124,209,124,209,62,208,102,208,232,209,117,253,2,211,152,253,77,225,14,254,240,67,0,4,4,0,40,0,1,0,255,0,3,255,0,8,4,0,0,0,15,31,51,31,17,21,25,1,17,12,33,145,23,3,0,182,146,13,0,0,255,2,0,1,18,0,0,2,1,9,2,185,210,0,2,0,255,64,255,255,2,27,92,0,0,0,0,0,0,0,0,0,0,0,0,0,0,0,46,218,139,219
596,12,1,77,225,3,0,0,210,0,0,152,0,4,1,0,195,206,117,253,117,253,117,253,117,253,117,253,117,253,0,0,0,46,253,92,210,124,209,124,209,62,208,102,208,232,209,117,253,1,211,93,253,77,225,14,254,240,66,0,4,4,0,40,0,1,0,255,0,3,255,0,8,5,0,0,0,15,31,51,31,17,21,25,1,17,12,33,145,23,3,0,182,146,12,0,0,255,2,0,1,18,0,0,2,1,9,2,185,210,0,2,0,191,64,255,255,2,27,92,0,0,0,0,0,0,0,0,0,0,0,0,0,0,0,46,218,139,219
597,2,1,77,226,3,0,0,210,0,1,153,0,4,1,0,137,83,117,253,117,253,117,253,117,253,117,253,117,253,0,0,0,46,253,92,210,124,209,124,209,62,208,102,208,232,209,117,253,1,211,93,253,77,226,14,254,240,66,0,4,4,0,24,10,1,0,255,0,3,255,0,8,5,0,0,0,15,31,51,31,17,21,25,1,17,12,33,145,23,3,0,182,146,11,0,0,255,2,0,1,18,0,0,2,1,9,2,185,210,0,2,0,239,64,255,255,2,27,92,0,0,0,0,0,0,0,0,0,0,0,0,0,0,0,46,218,139,219
598,2,1,77,227,3,0,0,210,0,1,154,0,4,1,0,92,244,117,253,117,253,117,253,117,253,117,253,117,253,0,0,0,46,253,92,210,124,209,124,209,62,208,102,208,232,209,117,253,1,211,93,253,77,227,14,254,240,66,0,4,4,0,24,10,1,0,255,0,3,255,0,8,5,0,0,0,15,31,51,31,17,21,25,1,17,12,33,145,23,3,0,182,146,10,0,0,255,2,0,1,18,0,0,2,1,9,2,185,210,0,2,0,239,64,255,255,2,27,92,0,0,0,0,0,0,0,0,0,0,0,0,0,0,0,46,218,139,219
599,4,1,77,227,3,0,0,210,0,0,155,0,4,1,0,32,28,117,253,117,253,117,253,117,253,117,253,117,253,0,0,0,46,253,92,210,124,209,124,209,62,208,102,208,232,209,117,253,1,211,93,253,77,227,14,254,240,66,0,4,4,0,24,10,1,0,255,0,3,255,0,8,5,0,0,0,15,31,51,31,17,21,25,1,17,12,33,145,23,3,0,182,146,9,0,0,255,2,0,1,18,0,0,2,1,9,2,185,210,0,2,0,191,64,255,255,2,27,92,0,0,0,0,0,0,0,0,0,0,0,0,0,0,0,46,218,139,219
